BRANCH,COUNCIL
,AYAWASO2
2019,ASOKWA
3094,QODESH
4BN UADDARA BARRACKS,BANTAMA
A LANG,SANTA MARIA
AA ASHALAJA,OFAAKOR
AA KOFIASE,BANTAMA
AACHEN,EDMONTON
AAYALOLO,TESHIE
ABAASA,CAPE COAST
ABABIO CITY CENTER,ADENTA
ABANDZE,CAPE COAST
ABASRABA,WINNEBA
ABBEAM UNIVERSITY F24,GREATER LOVE
ABBEY TOWN,DAWHENYA
ABBEY ZONE 2,DAWHENYA
ABBEY ZONE 3,DAWHENYA
ABBOSEY OKAI,KORLE GONNO
ABEASE,AYAWASO2
ABEG GOD,KPANDO
ABEKA ABOTARE,ABEKA
ABEKA HARROW,AYAWASO
ABEKA MAIN,ABEKA
ABELEMKPE,ACHIMOTA
ABELENKPE,OYIBI
ABELENKPE CENTRE,MAKARIOS HQ
ABERDEEN,EDMONTON
ABERDEEN-WEST,QADOSH
ABESEWASE,BANTAMA
ABESIM,SUNYANI
ABETIFI,AYAWASO2
ABIA,DAWHENYA
ABIDJAN,OFAAKOR
ABLADJEI,ADENTA
ABLEKUMA  AYAWASO,AYAWASO
ABLEKUMA ABEASE,SOWUTUOM
ABLEKUMA AGAPE,ABEKA
ABLEKUMA CENTER,SANTA MARIA
ABLEKUMA CP MAIN,ABEKA
ABLEKUMA ICE WATER JUNCTION,SOWUTUOM
ABLEKUMA MAIN,AWOSHIE
ABOABO,KOFORIDUA
ABOADZE,SEKONDI
ABOFOUR,BANTAMA
ABOKOBI BOI,ADENTA
ABOKYIA,TARKWA
ABOMAN,ADENTA
ABONGO,KETE-KRACHI
ABONKO,CAPE COAST
ABONKOR CENTER,TEMA
ABOR,SOGAKOPE
ABOSEY OKAI CENTER,KORLE GONNO
ABOSO,TARKWA
ABOTANSO,KPANDO
ABREWANKOR JUNCTION,KETE-KRACHI
ABSA CENTER,HEALING JESUS CATHEDRAL
ABU DHABI,NAIROBI
ABUAKWA,BANTAMA
ABULANGA,BOLGATANGA
ABURA DUNKWA,CAPE COAST
ABURI,PEDUASE
ABURI MAIN,PEDUASE
ACC,TARKWA
ACCRA NEW TOWN,AYAWASO
ACCRA NEW TOWN CENTER,AYAWASO
ACCRA NEW TOWN DANSOMAN,AYAWASO
ACCRA NEW TOWN-ADABRAKA,AYAWASO
ACCRA NEW TOWN-MAAMOBI,AYAWASO
ACHADA MATO,FIRST LOVE
ACHIMFO,TARKWA
ACHIMOTA,ACHIMOTA
ACHIMOTA CENTRAL CENTER,ACHIMOTA
ACHIMOTA CENTRE,MAKARIOS HQ
ACHIMOTA MARKET,AYAWASO
ACTS CENTRE,LAGOS
AD ABOKOBI,ADENTA
AD ADENTA NEWSITE,ADENTA
AD AGBOGBA,ADENTA
AD ALHAJI,ADENTA
AD AMRAHIA,ADENTA
AD ASHIYIE,ADENTA
AD ASHONGMAN,ADENTA
AD DANFA,ADENTA
AD FULANI,ADENTA
AD KITASE,ADENTA
AD MADINA,ADENTA
AD NEW ADENTA,ADENTA
AD OLD ASHONGMAN,ADENTA
AD OTINIBI,ADENTA
AD OYIBI,ADENTA
AD PANTANG,ADENTA
AD WESTLANDS,ADENTA
ADA KASSEH,SOGAKOPE
ADABLAKOPE,SOGAKOPE
ADABOKROM,BIBIANI
ADABRAKA,QODESH
ADADE D10,GREATER LOVE
ADADE PENTECOST,NYANYANOR KAKRABA
ADAFIANU,SOGAKOPE
ADAKLU KODZOBI,HO
ADA-KOFORIDUA,KOFORIDUA
ADANSEMAN A15,GREATER LOVE
ADAWSO,KOFORIDUA
ADDIS ABABA,JOHANNESBURG
ADDO KWANTA,KOFORIDUA
ADDOGONO,HEALING JESUS CATHEDRAL
ADELAIDE,SYDNEY
ADENTA,ADENTA
ADENTA ESTATE,OYIBI
ADIDOME,SOGAKOPE
ADIEBEBA,ATONSU
ADIEMBRA BANTAMA CCL,BANTAMA
ADIEMBRA RAILS,TAKORADI
ADIEMBRA TAKORADI CCL,SEKONDI
ADINA,SOGAKOPE
ADJEI KOJO,TEMA COMMUNITY 22
ADJEI KOJO ANNEX,DAWHENYA
ADJEMASU,ASOKWA
ADJEN KOTOKU,AYAWASO
ADJIRINGANOR,MAKARIOS HQ
ADJIRINGANOR CENTRE,MAKARIOS HQ
ADJOA,TAKORADI
ADOM CHURCH,QODESH
ADOMANU,BANTAMA
ADOTEIMAN,OYIBI
ADPP,MAPUTO
ADUEMLI,TESHIE
ADUKRO,BANTAMA
ADUKROM,PEDUASE
ADUMANYA,OYIBI
ADUSAH CENTER,BEREKUSO
ADUSA-QUARTERS,AYAWASO
AFARIWA,TEMA COMMUNITY 22
AFIAMAN,AYAWASO
AFIENYA,TEMA
AFIENYA EAST,DAWHENYA
AFIENYA JERUSALEM,DAWHENYA
AFIENYA MATAHEKO,TEMA COMMUNITY 22
AFLAO MAIN,SOGAKOPE
AFOSU,AYAWASO2
AFRANGUA JUNCTION,CAPE COAST
AFRANGUA TOWN,CAPE COAST
AFRICA HALL CENTRE,AYEDUASE
AFRICA UNION CENTRE,AYEDUASE
AGAPE CENTER,COTONOU
AGAPE SOUTH AFRICA,ABEKA
AGATOSUNE CENTER,COTONOU
AGBEDRAFOR,SOGAKOPE
AGBEDRAFOR-TEGBI,SOGAKOPE
AGBOGBA,ADENTA
AGBOGBA VILLAGE,ADENTA
AGBOGBLOSHIE CENTER,KORLE GONNO
AGBOZUME,SOGAKOPE
AGEGE,KORLE GONNO
AGEGE CAMARA,KORLE GONNO
AGENDA LOMNAVA,AYAWASO
AGOE 2 LIONS,LOME
AGOE ECOBANK,LOME
AGOGO,AYAWASO2
AGOGOSO,BIBIANI
AGONA,ASOKWA
AGONA ABODOM,SWEDRU
AGONA ASAFO,SWEDRU
AGONA BANSO,TAKORADI
AGONA DUAKWA,SWEDRU
AGONA KWANYAKO,OFAAKOR
AGONA MENSAKROM,SWEDRU
AGONA NKWANTA,TAKORADI
AGONA NSABA,SWEDRU
AGONA NYAKROM,SWEDRU
AGORKPO,SOGAKOPE
AGORMANYA,DAWHENYA
AGOU JUNCTION,KETE-KRACHI
AGRIC NZEMA,ATONSU
AGRIC SETTLEMENT,WA
AGUS,LA
AGYEIMPRA,BANTAMA
AHADO,HOHOE
AHAFO KENYASE MISSION,SUNYANI
AHAFOMAN,SUNYANI
AHENEASE,AYAWASO2
AHINSAN,ATONSU
AHONDWO,KETE-KRACHI
AHOUGNANSOU CENTER,OFAAKOR
AHWETIESO,TARKWA
AHWIAA NTAAMU,BANTAMA
AHWIAM,TEMA
AIR TRANSPORT SQUADRON,SYDNEY
AIRPORT BARRACKS(37),MAKARIOS HQ
AIRPORT ENGLEBERT,MAKARIOS HQ
AIRPORT RAILWAYS,MAKARIOS HQ
AIRPORT RIDGE,TAKORADI
AIRPORT ROUNDABOUT,ASOKWA
AJUMAKO,CAPE COAST
AJUMAKO BISEASE,CAPE COAST
AKAH,KETE-KRACHI
AKAME,SOGAKOPE
AKATSI APARCHE,SOGAKOPE
AKATSI TRAINING COLLEGE,SOGAKOPE
AKEPE,LOME
AKIM ACHIASE,AYAWASO2
AKIM ADEISO,AYAWASO2
AKIM ANAMASE,AYAWASO2
AKIM ASUBOA,AYAWASO2
AKIM BATABI,AYAWASO2
AKIM NKRONSO,NSAWAM
AKIM ODA,AYAWASO2
AKIM SWEDRU,AYAWASO2
AKOASE,AYAWASO2
AKOEFE,HO
AKOMADAN,ASOKWA
AKOSOMBO,TEMA COMMUNITY 22
AKPAFU MPEASEM,HOHOE
AKPEI-SHIKA,TESHIE
AKPORMAN,OYIBI
AKPOSO KABO,KETE-KRACHI
AKRADE,TEMA COMMUNITY 22
AKRAMAMAN,AYAWASO
AKROKERI,OBUASI
AKROPONG,PEDUASE
AKROSO,AYAWASO2
AKUMSA-DOMASE,TECHIMAN
AKURE,LAGOS
AKUSE,TEMA COMMUNITY 22
AKUSE SALOM,DAWHENYA
AKWADUM,KOFORIDUA
AKWAMUFIE,TEMA COMMUNITY 22
AKWATIA,AYAWASO2
AKWELEY,OFAAKOR
AKYIM HEMANG,KOFORIDUA
AKYIM TARKWA CCL,TARKWA
ALABAMA,ABEKA
ALAJO,AYAWASO
ALAJO-TETEGU,AYAWASO
ALASKA CENTER,SUNYANI
ALBANY,LOS ANGELES
ALENTAME,SOGAKOPE
ALESSANDRIA,BARCELONA
ALEXANDRIA APARCHE,LOS ANGELES
ALEXANDRIA RICHMOND HWY,LOS ANGELES
ALHAJI,ABEKA
ALHAJI ATORQUASHIE,KORLE GONNO
ALHASSAN AKURA,KINTAMPO
ALIKOPE,OYIBI
A-LINE,TECHIMAN
ALLENTOWN,LOS ANGELES
ALLOS CENTER,LAGOS
ALOE RIDGE,PIETERMARITZBURG
ALOGBOSHIE,ACHIMOTA
ALOTAU,SYDNEY
ALTONA,EDMONTON
AMANASE,NSAWAM
AMANFROM CENTER,AYAWASO2
AMANFROM CENTRAL,OFAAKOR
AMANFROM D34,GREATER LOVE
AMANFROM EAST,OFAAKOR
AMANFROM KOFORIDUA CCL,AYAWASO2
AMANFROM PENTECOST,NYANYANOR KAKRABA
AMANFROM WEST,OFAAKOR
AMANIEKROM,TARKWA
AMANKOKWAA-BEREKUM,BEREKUM
AMANOKROM,PEDUASE
AMANTIN,EJURA
AMASAMAN,AYAWASO
AMASAMAN AA,OFAAKOR
AMASAMAN CENTER,MAKARIOS HQ
AMASAMAN CENTRE,OYIBI
AMASAMAN STADIUM,AYAWASO
AMAZING GRACE,TARKWA
AMBOHIBAO,FIRST LOVE
AMEN CENTER,TEMA
AMERICAN HOUSE,MAKARIOS HQ
AMERICANOPOLIS,SAO PAULO
AMHRAHIA,OYIBI
AMPABAME,ASOKWA
AMPOMA,KINTAMPO
AMPOMAH,ADENTA
AMPOMAH LAST STOP,ADENTA
AMRAHIA,MAKARIOS HQ
AMSTERDAM,BARCELONA
ANADEIA,TAMALE
ANAGKAZO,CAPE TOWN
ANAGKAZO ASSEMBLIES HQ,OFAAKOR
ANAGKAZO CENTER,COTONOU
ANAGKAZO CENTER TAMALE CCL,TAMALE
ANAIDEIA CENTER,ACHIMOTA
ANAJI,TAKORADI
ANAJI ANNEX B,TAKORADI
ANCHORAGE,LOS ANGELES
ANEHO MISSION,LOME
ANFOEGA,KPANDO
ANGEL VIEW,ADENTA
ANGELS,KINGSTON
ANGLICAN BASIC,OYIBI
ANIISI,BAWKU
ANKAFUL,CAPE COAST
ANLOGA,SOGAKOPE
ANOKYE,CAPE COAST
ANOMABO,CAPE COAST
ANTIOCH,LOS ANGELES
ANTSIRABE,FIRST LOVE
ANTULA,BISSAU
ANTULA BONO,BISSAU
ANTULA PAAL,BISSAU
ANTWERPEN,EDMONTON
ANUNMLE,ACHIMOTA
ANWIA NKWANTA,OBUASI
ANWOMASO,BANTAMA
ANYAA CENTER,SANTA MARIA
ANYAA MARKET,AWOSHIE
ANYAMAM,SOGAKOPE
ANYINAM KOFORIDUA CCL,AYAWASO2
APAAPA,TESHIE
APAM,WINNEBA
APATRAPA,BANTAMA
APATRAPA JENESSY,BANTAMA
APATRAPA NEWSITE,BANTAMA
APATRAPA TOWN,BANTAMA
APENKWA,AYAWASO
APENKWA-ALOGBOSHIE,AYAWASO
APENKWA-DARKUMAN,AYAWASO
APENKWA-JERUSALEM,AYAWASO
APENKWA-JUDEA,AYAWASO
APENKWA-KWASHIEMAN,AYAWASO
APESOKUBI,KETE-KRACHI
APIA,SYDNEY
APIREDE,PEDUASE
APLAKU ISRAEL C43,GREATER LOVE
APOLLONIA OYIBI CCL,OYIBI
APORSO KODZI,HOHOE
APOWA,TAKORADI
APPEADU,BANTAMA
APPIAH DANQUAH,KORLE GONNO
APPOLONIA,TEMA
APREMDO,TAKORADI
APUTUOGYA,ATONSU
ARANDIS,MANZINI
ARENA(ASENDUA),TESHIE
ARLINGTON,LOS ANGELES
ARMLEY,EDMONTON
ARS,DAWHENYA
ARS CENTER,OYIBI
ASAFO AME ZION,BANTAMA
ASAFO BTM,BANTAMA
ASAKAE,TAKORADI
ASALOKO,BAWKU
ASAMANKESE,AYAWASO2
ASAMAN-TAMFOE,AYAWASO2
ASAMOAH DJAN A14,GREATER LOVE
ASANKRAGUA BUADUM,TARKWA
ASANKRAGUAA,TARKWA
ASANTE KENYASE,ASOKWA
ASAWASE,BANTAMA
ASCOT 1,KINGSTON
ASDA,ADENTA
ASENDUA MADINA,ADENTA
ASENE,AYAWASO2
ASESEWA,KOFORIDUA
ASHAIMAN ABIOLA CITY,ASHAIMAN CHAPEL SQUARE
ASHAIMAN AVIATION,ASHAIMAN CHAPEL SQUARE
ASHAIMAN CHAPEL SQUARE,ASHAIMAN CHAPEL SQUARE
ASHAIMAN JERICHO,ASHAIMAN CHAPEL SQUARE
ASHAIMAN KAKETO,TEMA COMMUNITY 22
ASHAIMAN LEBANON,TEMA COMMUNITY 22
ASHAIMAN MIDDLE EAST,TEMA COMMUNITY 22
ASHAIMAN NEWTOWN TRANSFORMER,TEMA COMMUNITY 22
ASHAIMAN NEWTOWN ZONE 2,TEMA COMMUNITY 22
ASHAIMAN TAIFA,TEMA COMMUNITY 22
ASHAIMAN TAIFA ANNEX,TEMA COMMUNITY 22
ASHAIMAN TIMBER MARKET,ASHAIMAN CHAPEL SQUARE
ASHAIMAN TSUI BLEO,ASHAIMAN CHAPEL SQUARE
ASHAIMAN WASHINGTON STATION,TEMA COMMUNITY 22
ASHAIMAN ZENU,TEMA COMMUNITY 22
ASHALAJA,AYAWASO
ASHALE BOTWE,MAKARIOS HQ
ASHALE BOTWE MAIN,ADENTA
ASHBREAD WEIJA,OFAAKOR
ASHIAMAN,OYIBI
ASHIEYE,OYIBI
ASHIGAME,SOGAKOPE
ASHONGMAN,BEREKUSO
ASHONGMAN CENTRE,MAKARIOS HQ
ASHTON,EDMONTON
ASHTOWN,BANTAMA
ASHTOWN ASH,BANTAMA
ASHTOWN CENTER,OFAAKOR
ASIAKWA,AYAWASO2
ASIKASU,AYAWASO2
ASIKRI,BAWKU
ASIKUMA,HO
ASOFAN AYAWASO,AYAWASO
ASOKORE JUABEN,BANTAMA
ASOKORE MAMPONG,BANTAMA
ASOKWA,ASOKWA
ASOMPA,TARKWA
ASSASAN,CAPE COAST
ASSEMBLIES,OYIBI
ASSEMBLIES AGBOGBA,ADENTA
ASSEMENYA,BANTAMA
ASSEMKROM,SEKONDI
ASSIN ADUBIASE,ASSIN FOSU
ASSIN BEREKU,ASSIN FOSU
ASSIN DARMANG,ASSIN FOSU
ASSIN FOSU,ASSIN FOSU
ASSIN JUASO,ASSIN FOSU
ASSIN MANSO,ASSIN FOSU
ASSIN NSUTA,ASSIN FOSU
ASSIN NYANKOMASI,ASSIN FOSU
ASSIN PRASO,ASSIN FOSU
ASSORKO,SEKONDI
ASTON,EDMONTON
ASUABA,FIRST LOVE
ASUBOI,NSAWAM
ASUKAWKAW,KETE-KRACHI
ASUOFUA NEWSITE,BANTAMA
ASUOKAW,AYAWASO2
ASUOM,AYAWASO2
ASUOTWENE,AYAWASO2
ASUOYEBOAH AB,BANTAMA
ASUYEBOAH IPT,BANTAMA
ASYLUM DOWN,TESHIE
ATAABADZE,CAPE COAST
ATEBUBU MAIN,EJURA
ATEIKU,TARKWA
ATHENS,LOS ANGELES
ATHI RIVER,MOMBASA
ATIMPOKU,TEMA COMMUNITY 22
ATLANTA,LOS ANGELES
ATOBRA KROM,TARKWA
ATOMIC ACHIMOTA CCL,BEREKUSO
ATOMIC KORLE GONNO CCL,KORLE GONNO
ATONKOR,HOHOE
ATONSU,ATONSU
ATTA AKURA,KINTAMPO
ATTAHKROM,HOHOE
ATTA-MILLS-BOBOKROM,SUNYANI
ATTOBRAKROM,TARKWA
ATTRIDGEVILLE,PRETORIA
ATUBA,BAWKU
ATWIMA KOFORIDUA,ASOKWA
ATWIMA TWEDIE,ASOKWA
ATWIMAH TECHIMAN,ATONSU
AUCKLAND,SYDNEY
AUSTIN,LOS ANGELES
AVE-DAKPA,HO
AVEDJI,LOME
AVEME,KPANDO
AVEPOZO,LOME
AVORNYORKOPE,HOHOE
AVOSUM,BAWKU
AWISA,AYAWASO2
AWOSHIE,AWOSHIE
AWOSHIE KOKROKO,KORLE GONNO
AWOSHIE MANGOASE,ABEKA
AWUDOME ESTATES,KORLE GONNO
AWUDUM CENTER,TEMA
AWUTU BEREKU,OFAAKOR
AXIM,TAKORADI
AY ADOMBI,AYEDUASE
AY ALLOS,AYEDUASE
AY AMANDA,AYEDUASE
AY BABY BRUNEI,AYEDUASE
AY BOMSO TOWN CENTER,AYEDUASE
AY DELISA,AYEDUASE
AY DOMEABRA,AYEDUASE
AY DUNAMIS,AYEDUASE
AY EIRENA,AYEDUASE
AY EKKLEZIA,AYEDUASE
AY EMINA,AYEDUASE
AY EVANDY,AYEDUASE
AY FRONTLINE APARTMENT,AYEDUASE
AY FRONTLINE INN,AYEDUASE
AY GOASO,AYEDUASE
AY GYINYASE,AYEDUASE
AY LOGOS,AYEDUASE
AY MAKARIOUS,AYEDUASE
AY MANTHANO,AYEDUASE
AY NEW BRUNEI,AYEDUASE
AY NEWSITE,AYEDUASE
AY POIMANO,AYEDUASE
AY SHABACH,AYEDUASE
AY SHALOM,AYEDUASE
AY UNITY,AYEDUASE
AY VICTORY TOWERS,AYEDUASE
AY WOOD VILLAGE,AYEDUASE
AY ZOGREO,AYEDUASE
AYAKORASE-BEREKUM,BEREKUM
AYANFURI,ATONSU
AYAWASO AMERIYA,AYAWASO
AYAWASO CATHEDRAL,AYAWASO
AYAWASO-AMASAMAN,AYAWASO
AYAWASO-ASOFAN ABODWESE,AYAWASO
AYAWASO-ASOFAN NEW STATION,AYAWASO
AYAWASO-CHRISTIAN VILLAGE,AYAWASO
AYAWASO-DOME,AYAWASO
AYAWASO-GOLDEN DOOR,AYAWASO
AYAWASO-KATAPOR,AYAWASO
AYAWASO-KUTUNSE,AYAWASO
AYAWASO-KWABENYA,AYAWASO
AYAWASO-MANCHIE,AYAWASO
AYAWASO-MANHEAN,AYAWASO
AYAWASO-OLEBU ABEASE,AYAWASO
AYAWASO-PILLAR 2,AYAWASO
AYAWASO-POKUASE,AYAWASO
AYAWASO-SAPEIMAN,AYAWASO
AYAWASO-TANTRA HILLS-ISRAEL,AYAWASO
AYEDUASE,FIRST LOVE
AYEDUASE DUMAH,AYEDUASE
AYEDUASE EZER,AYEDUASE
AYEDUASE GATHERING SERVICE,AYEDUASE
AYEDUASE SUSUANSO,FIRST LOVE
AYEDUASE X-KIN,FIRST LOVE
AYEDUASE YASHA,FIRST LOVE
AYENSU ESTATE,OYIBI
AYETEPA,TEMA
AYIGBE TOWN B1,GREATER LOVE
AYIGBE TOWN B19,GREATER LOVE
AYIGBE TOWN CENTER,KORLE GONNO
AYIGYA,BANTAMA
AYIGYA TOWN CENTRE,AYEDUASE
AYIKAI DOBLO,AYAWASO
AYIKUMA,OYIBI
AYIMENSAH BASIC SCHOOL 1,OYIBI
AYINASI,SEKONDI
AYOPIA,BAWKU
BAAH BOATENG,OYIBI
BAAKONIABA,SUNYANI
BAATSONA POLICE STATION CENTER,HEALING JESUS CATHEDRAL
BAAZU,WA
BABA YARA,MAKARIOS HQ
BABATO,KINTAMPO
BABIANEHA,ATONSU
BABINSO,CAPE COAST
BABY BRUNEI CENTRE,AYEDUASE
BACHARBORIDO,TAMALE NORTH
BACO DJICORONI GOLF,BAMAKO
BACO DJICORONI GOLF II,BAMAKO
BADU,TECHIMAN
BADURI,TAMALE NORTH
BAFATA,BISSAU
BAFATA PROJECTO,BISSAU
BAGUIDA,LOME
BAGUIO CITY,FIRST LOVE
BAKAANO,CAPE COAST
BAKANGA,BAWKU
BAKAU,BAKAU
BAKAYERE,SEKONDI
BAKPABA,TAMALE NORTH
BALIN,TAMALE
BAMAKO APARCHE,BAMAKO
BAMBOI,WA
BANANA INN,KORLE GONNO
BANANA INN CENTER,KORLE GONNO
BANDA,KETE-KRACHI
BANDIM,BISSAU
BANDIM 3,BISSAU
BANGALORE,PUNE
BANGKOK,PUNE
BANGLADESH,FIRST LOVE
BANGUI,LA BELLE EGLISE
BANIVILLAS CENTRE,AYEDUASE
BANKSTOWN,SYDNEY
BANKUMAN CENTER,TEMA
BANKYIM,TARKWA
BANSE,BAWKU
BANSE WIDNABA,BAWKU
BANTAMA,BANTAMA
BANTAMA BTM,BANTAMA
BARCELONA,BARCELONA
BAREKESE,ASOKWA
BARKING,EDMONTON
BARNERSVILLE,QADOSH
BARON FACTORY II,OYIBI
BARTICA,GEORGETOWN
BASEKE,SEKONDI
BASEL,BARCELONA
BASENGO,BOLGATANGA
BASILDON,EDMONTON
BASSETERRE,KINGSTON
BASSINKO,OUAGADOUGOU
BATANYILI,TAMALE
BATTERSEA,EDMONTON
BATTOR,SOGAKOPE
BAVIAANSPOORT,PRETORIA
BAWA AKURA,KINTAMPO
BAWALESHIE,OYIBI
BAWDAN,PUNE
BAWDIE,TARKWA
BAWIA,SEKONDI
BAWJIASE,OFAAKOR
BAWKU,BAWKU
BAWKU PNMTC,BAWKU
BAWKU SAPELIGA,BAWKU
BAWKU SENIOR HIGH TECHNICAL,BAWKU
BAWKU SHS,BAWKU
BAWKU TECHNICAL CENTER,BAWKU
BAZUA,BAWKU
BEAHU,TAKORADI
BEAHU ANNEX B,TAKORADI
BEBU,ATONSU
BECHEM,SUNYANI
BECKTON,EDMONTON
BEDFORD,EDMONTON
BEDIAKO,TEMA
BEESTON,EDMONTON
BEGORO,KOFORIDUA
BEHENTE,BISSAU
BEIRA,MAPUTO
BEKPAN JIB,TAMALE
BEKWAI,OBUASI
BELFAST,EDMONTON
BELLE EGLISE QODESH,LA BELLE EGLISE
BELVEDERE,EDMONTON
BELVEDERE WEST,LUSAKA FOXDALE
BENCHIRATANGA,TAMALE NORTH
BENDOGO,OUAGADOUGOU
BENIN CITY,LAGOS
BENONI,JOHANNESBURG
BEPOSO KINTAMPO CCL,KINTAMPO
BEPOSO TAKORADI CCL,SEKONDI
BEREA,ABEKA
BEREKUM,BEREKUM
BEREKUM-BRENYEKWA,BEREKUM
BEREKUM-JAMDEDE,BEREKUM
BEREKUM-NYAMEBEKYERE,BEREKUM
BEREKUSO,BEREKUSO
BEREKUSO CATHEDRAL CENTER,BEREKUSO
BERGAMO,BARCELONA
BERLIN,EDMONTON
BERMONDSEY,EDMONTON
BERN,BARCELONA
BERNAPAT LAST STOP,OYIBI
BETHLEHEM,TEMA COMMUNITY 22
BETHLEHEM TEMA COMM 22 CCL,ASHAIMAN CHAPEL SQUARE
BETOM,KOFORIDUA
BIAZO,CAPE TOWN
BIBIANI,BIBIANI
BIG ADA,SOGAKOPE
BIMBILLA,TAMALE NORTH
BIMBO,LA BELLE EGLISE
BINABA,BOLGATANGA
BINATABE,TAMALE
BINCHONDO,TAMALE
BINDURA,LUSAKA FOXDALE
BINDURI APARCHE,BAWKU
BINDURI JHS CENTER,BAWKU
BINGURI CENTER,BAWKU
BIRIWA,CAPE COAST
BIRMINGHAM LA CCL,LOS ANGELES
BIRMINGHAM TOTTENHAM CCL,EDMONTON
BISEASE KUMASI,CAPE COAST
BISSAU APARCHE,BISSAU
BISSAU ENGLISH CHURCH,BISSAU
BITIDO,TAMALE
BLACKTOWN,SYDNEY
BLANTYRE APARCHE,FIRST LOVE
BLAVE CENTER,HOHOE
BLOEMFONTEIN,MASERU
BLOODRIVER,PRETORIA
BLUEFIELDS,LOS ANGELES
BO,FIRST LOVE
BOADI,BANTAMA
BOADI CHARISMA,AYEDUASE
BOADI JUDAH,AYEDUASE
BOADI KADOSH,AYEDUASE
BOADI KARA,AYEDUASE
BOADI POIMEN,AYEDUASE
BOADI-1,BANTAMA
BOANE,MAPUTO
BOBO DIOULASSO,OUAGADOUGOU
BODADA,HOHOE
BODOM,KINTAMPO
BOGNAYILI,TAMALE
BOGOSO,TARKWA
BOHICON,COTONOU
BOHYE,ACHIMOTA
BOHYE OYIBI CCL,OYIBI
BOI,ADENTA
BOI BEREKUSO CCL,BEREKUSO
BOKO,BAWKU
BOLE,WA
BOLGATANGA,BOLGATANGA
BOLGATANGA TECHNICAL INSTITUTE,BOLGATANGA
BOLOGNA,BARCELONA
BOLTON,EDMONTON
BOMFA,BANTAMA
BOMPATA,BANTAMA
BOMPIESO,TARKWA
BONAKYE,KETE-KRACHI
BONDAYE,TARKWA
BONGO,BAWKU
BONIA,BOLGATANGA
BONKUS,CAPE COAST
BONSA,TARKWA
BONYERE,SEKONDI
BONYON DROMANKOMA,EJURA
BOR,BISSAU
BOR EMBAXADA,BISSAU
BOR MARKET CANTRE,BISSAU
BORAE,KETE-KRACHI
BORLA,ADENTA
BORTEYMAN,HEALING JESUS CATHEDRAL
BORTEYMAN MKC,MAKARIOS HQ
BORTIANOR,GREATER LOVE
BORTIANOR AJASCO,GREATER LOVE
BORTIANOR C47,GREATER LOVE
BORTIANOR HILL C10,GREATER LOVE
BORTIANOR HILLS C27,GREATER LOVE
BOSTON,LOS ANGELES
BOTHA-BUTHE,MASERU
BOTTLES-NORTH,TESHIE
BOTTLES-SOUTH,TESHIE
BOTWE HIGHWAYS,MAKARIOS HQ
BOTWE MARADONNA,MAKARIOS HQ
BOTWE ST. PETERS,MAKARIOS HQ
BOUAKE,OFAAKOR
BOUBIEL CENTER,LAGOS
BOWIE,LOS ANGELES
BOWIRI-KHYIRAHINI,HOHOE
BOWRI,HOHOE
BOYAKPALSAKO,BOLGATANGA
BOYA-NATANG CENTER,BAWKU
BRADFORD,EDMONTON
BRAFOYAW,CAPE COAST
BRAHABOBOM,TARKWA
BRAMLEY,EDMONTON
BRAMPTON,LOS ANGELES
BRAZZAVILLE,LA BELLE EGLISE
BREKUMANSO,AYAWASO2
BREMAN ASIKUMA,CAPE COAST
BREMAN ASIKUMA CAPECOAST CCL,CAPE COAST
BREMAN BEDUM,CAPE COAST
BREMAN BENIN,CAPE COAST
BREMAN ESSIAM,CAPE COAST
BREMEN,EDMONTON
BREWANIASE,KETE-KRACHI
BRIDGEPORT,LOS ANGELES
BRIDGETOWN,KINGSTON
BRIGADE,OYIBI
BRIGADE KINTAMPO CCL,KINTAMPO
BRIKAMA,BAKAU
BRISBANE,SYDNEY
BRISTOL,EDMONTON
BRIXTON,EDMONTON
BRIXTON JOHANNESBURG CCL,JOHANNESBURG
BROCKLEY,EDMONTON
BROCKTON,LOS ANGELES
BROFOYEDRU,ATONSU
BROFOYEDUR,CAPE COAST
BRONX NORTH,LOS ANGELES
BRONX SOUTH,LOS ANGELES
BROOKLYN,LOS ANGELES
BROOKLYN PARK,LOS ANGELES
BROTO,WA
BROUKRO CENTER,OFAAKOR
BRUSSELS,EDMONTON
BUBUASHIE,QODESH
BUBUASHIE MKC,MAKARIOS HQ
BUCHANAN,QADOSH
BUDAPEST,BARCELONA
BUDAPEST MUSTARMAG,BARCELONA
BUDUMBURAM,GREATER LOVE
BUDUMBURAM CENTER,OFAAKOR
BUGOLOBI,NAIROBI
BUGUZUNDE,BAWKU
BUIPE,TAMALE NORTH
BUJUMBURA,FIRST LOVE
BULAWAYO,LUSAKA FOXDALE
BUNKPURUGU,TAMALE NORTH
BUNSO,KOFORIDUA
BUOKROM,ASOKWA
BUOKROM BTM,BANTAMA
BURLINGTON,LOS ANGELES
BUSIA JUNCTION,KORLE GONNO
BUSOSO,KOFORIDUA
BUS-STOP,TESHIE
BUSUNYA,TECHIMAN
BUTANTA,SAO PAULO
BUYA,TAMALE NORTH
CACAVELI,LOME
CADJEHOUN,COTONOU
CALDWELL,QADOSH
CALGARY,LOS ANGELES
CAMARA MANGO ASE,KORLE GONNO
CAMBERWELL,EDMONTON
CAMBODIA CENTER,HEALING JESUS CATHEDRAL
CAMBRIDGE,EDMONTON
CAMP 2 SUNRISE,TESHIE
CAMPUS 1 CENTER,OFAAKOR
CAMPUS 2 CENTER,OFAAKOR
CAMPUS CHANAN,AYEDUASE
CAMPUS FELLOWSHIP - AUA,GEORGETOWN
CANAL NR 2 POLDER,GEORGETOWN
CANAM GOLD CENTRE,AYEDUASE
CANCHUNGO APARCHE,BISSAU
CANNING TOWN,EDMONTON
CANTONMENTS,MAKARIOS HQ
CANTONMENTS CENTER,OYIBI
CAPETOWN KHAYELISTHA,CAPE TOWN
CAPETOWN PARKLANDS,CAPE TOWN
CAPRICE,AYAWASO
CARDIFF,EDMONTON
CASSAVA FARM A2,GREATER LOVE
CASTRIES APARCHE,FIRST LOVE
CATEMBE,MAPUTO
CATFORD,EDMONTON
CATONSVILLE,LOS ANGELES
CENTRAL MONROVIA,QADOSH
CHAGUANAS,GEORGETOWN
CHAISO,KETE-KRACHI
CHAKORI,TAMALE NORTH
CHALAMBE,MAPUTO
CHAMBA,TAMALE
CHANGLI,TAMALE NORTH
CHANGNAYILI,TAMALE NORTH
CHANSHEGU,TAMALE NORTH
CHANTAN PETROLEUM,ABEKA
CHANTILLY,LOS ANGELES
CHAPEL ALLERTON,EDMONTON
CHAPEL SQUARE CENTER,SWEDRU
CHAPEL TOWN,EDMONTON
CHARA CENTER,COTONOU
CHARISMA CENTER,COTONOU
CHARLOTTE,LOS ANGELES
CHARLTON,EDMONTON
CHATTANOOGA,LOS ANGELES
CHECED,COTONOU
CHELTENHAM,LOS ANGELES
CHEREPONI,TAMALE
CHERRY HILL,LOS ANGELES
CHICAGO,LOS ANGELES
CHINDERI,KETE-KRACHI
CHIPADZE,LUSAKA FOXDALE
CHIPATA,LUSAKA FOXDALE
CHIRANDA,KINTAMPO
CHIWARIDZO,LUSAKA FOXDALE
CHOICE G1,GREATER LOVE
CHOKWE,MAPUTO
CHORKOR,KORLE GONNO
CHORKOR CENTER,KORLE GONNO
CHORKOR CHEMU CENTER,KORLE GONNO
CHORKOR CHEMUENAA,KORLE GONNO
CHRISTIAN SERVICE,AYEDUASE
CHRISTIAN VILLAGE ACHIMOTA CCL,ACHIMOTA
CHRISTIAN VILLAGE CENTER,ACHIMOTA
CHRISTIAN VILLAGE TEM COM22 CCL,TEMA COMMUNITY 22
CHUCHULIGA,BOLGATANGA
CINCINNATI,LOS ANGELES
CINDERELLA,PIETERMARITZBURG
CITY CAMPUS CHURCH,FIRST LOVE
CLAPHAM,EDMONTON
CLEVELAND,LOS ANGELES
CLINIC JUNCTION,HOHOE
COCOA MARKET,HOHOE
COCOA VILLA ESTATE,SEKONDI
COLINDALE,EDMONTON
COLLIERS WOOD,EDMONTON
COLORADO SPRINGS,LOS ANGELES
COLUMBIA LAUREL CCL,LOS ANGELES
COLUMBUS,LOS ANGELES
COMMANDOS,OYIBI
COMMUNITY 11,DAWHENYA
COMMUNITY 1B,TEMA
COMMUNITY 2 SSNIT,DAWHENYA
COMMUNITY 22 ANNEX,ASHAIMAN CHAPEL SQUARE
COMMUNITY 25,DAWHENYA
COMMUNITY 2A,DAWHENYA
COMMUNITY 2B,TEMA
COMMUNITY 5 CENTER,TEMA
COMMUNITY 8 CENTER,TEMA
COMMUNITY 9 CENTER,TEMA
COMMUNITY ONE,DAWHENYA
CONAKRY APARCHE,QADOSH
CONAKRY KINDIA,QADOSH
CONGO TOWN,FIRST LOVE
CORNERSTONE CATHEDRAL,TEMA
CORPORATION,MANZINI
COSMO CITY,JOHANNESBURG
COSMO CREEK,JOHANNESBURG
COSWAY AGBOGBA,ADENTA
COTONOU,COTONOU
COTTON FIELD,GEORGETOWN
COVENTRY,EDMONTON
CP MAIN,OFAAKOR
CPUT CAMPUS CHURCH,CAPE TOWN
CPUT CENTRE,CAPE TOWN
CROSLAND MOORS,EDMONTON
CROYDON,EDMONTON
CTAC-JUBA,QADOSH
CUMBANA,MAPUTO
CUTUUM,BISSAU
DAAHO BOSOFOUR,ASOKWA
DABALA,SOGAKOPE
DABALA JUNCTION,SOGAKOPE
DABAN NEWSITE,ASOKWA
DABOASE,SEKONDI
DADIASE ROAD,KPANDO
DADIESO,TARKWA
DADURI,BAWKU
DAFFIAMA,WA
DAGENHAM,EDMONTON
DAGO,WINNEBA
DAKAR,BAKAU
DAKODWOM,ASOKWA
DAKPEMYILI,TAMALE
DALLAS,LOS ANGELES
DAM HEIGHTS,NEW GBAWE
DAMALA,LA BELLE EGLISE
DAMANG,TARKWA
DAMANKO,KETE-KRACHI
DAMBAI,KETE-KRACHI
DAMBAI JUNCTION,KPANDO
DAMONGO,WA
DAMONGO-CANTEEN,WA
DANDENONG,SYDNEY
DANFA,OYIBI
DANFA NO.2,DAWHENYA
DANIEL CENTRE,LAGOS
DANSOMAN,QODESH
DANSOMAN ALIVE PARK,KORLE GONNO
DANSOMAN CENTER,ABEKA
DANSOMAN DATUS,KORLE GONNO
DANSOMAN SAHARA,KORLE GONNO
DAR ES SALAAM,FIRST LOVE
DARKUMAN,KORLE GONNO
DARMANG,NSAWAM
DASSASGHO CENTER,OUAGADOUGOU
DATANO,BIBIANI
DAVE,HO
DAVIEMONDJI,TSEVIE
DAVIEMONDJI-DEME,TSEVIE
DAWA,TEMA
DAWA CENTER,NYANYANOR KAKRABA
DAWADAWA NO 2,KINTAMPO
DAWADAWA NO.1,KINTAMPO
DAWHENYA,DAWHENYA
DAWU,PEDUASE
DAWURAMPONG,WINNEBA
DAYSPRING CENTER,TEMA
DC SCHOOL,NEW GBAWE
DE MOD,QODESH
DEBRECEN,BARCELONA
DEDEIMAN,BEREKUSO
DEDESUA,ATONSU
DEDUAKO,BANTAMA
DEDUAKO TOWN CENTRE,AYEDUASE
DEGEDE,BIBIANI
DELISA ANNEX CENTRE,AYEDUASE
DELISA JOY CENTRE,AYEDUASE
DENHAM TOWN,KINGSTON
DENKYIRA,CAPE COAST
DENKYIRA ASIKUMA,ATONSU
DENSUANO,KOFORIDUA
DENU APARCHE,SOGAKOPE
DENVER,LOS ANGELES
DEPTFORD,EDMONTON
DERBY,EDMONTON
DESIADENYO,HO
DETROIT,LOS ANGELES
DHANORI,PUNE
DIABENE,SEKONDI
DIABENE TAKORADI CCL,TAKORADI
DIASO,ATONSU
DIBOI,TAMALE
DIEPSLOOT,JOHANNESBURG
DISTRICT COUNCIL,WINNEBA
DIVINE GRACE,OYIBI
DIVO,OFAAKOR
DIXCOVE,TAKORADI
DIXINN,QADOSH
DJATSUI,LA
DOBA,BOLGATANGA
DOBLO GONNO,AYAWASO
DOBRO AYEBI-MEGA JOY,AYAWASO
DODI- PAPASE,HOHOE
DODOWA,OYIBI
DOGOKITIWA,KETE-KRACHI
DOHA,NAIROBI
DOLI,WA
DOLISIE,LA BELLE EGLISE
DOME,ACHIMOTA
DOME PILLAR 2,ACHIMOTA
DOMPIM,TARKWA
DONCASTER,EDMONTON
DONKORKROM,KPANDO
DONYINA,BANTAMA
DORADO,MANZINI
DORMAA AHENKRO,BEREKUM
DORMAA KORASO,BEREKUM
DORYUMU,DAWHENYA
DOUALA,FIRST LOVE
DOXA - BEREKUM,BEREKUM
DOXA CENTER,TAMALE
DOXA CENTRE,LAGOS
DRIFTWOOD,LOS ANGELES
DROBO,BEREKUM
DROBO AYEBI-ALLOS CHARISMA,AYAWASO
DROBO AYEBI-STEPS TO THE ANOINTING,AYAWASO
DROBO-AYEBI,AYAWASO
DS-DROBO,BEREKUM
DUAYAW NKWANTA,SUNYANI
DUBAI,NAIROBI
DUBLIN,EDMONTON
DUBREKA,QADOSH
DUMASUA,SUNYANI
DUNAUJVAROS,BARCELONA
DUNDEE,EDMONTON
DUNKWA OFFIN,ATONSU
DUNSTABLE,EDMONTON
DURBAN,PIETERMARITZBURG
DUSSELDORF,EDMONTON
DUT,PIETERMARITZBURG
DUUYIN,TAMALE
DWENEM,BEREKUM
DWENEWOHO KINTAMPO CCL,KINTAMPO
DWESI EXTENSION,CAPE TOWN
DWOMO,SEKONDI
DZELUKORPE,SOGAKOPE
DZEN AYOR,MAKARIOS HQ
DZIEGBE,KPANDO
DZOANTI,KPANDO
DZODZE,SOGAKOPE
DZOGADZE,HO
DZOLO,HO
DZORWULU,MAKARIOS HQ
EALING,EDMONTON
EAST AIRPORT,MAKARIOS HQ
EAST COLUMBUS,LOS ANGELES
EAST CROYDON,EDMONTON
EAST HAM,EDMONTON
EAST LEGON HILLS,MAKARIOS HQ
EAST LONDON,CAPE TOWN
EASTLEIGH,JOHANNESBURG
EASTWOOD,PIETERMARITZBURG
EBENEZER DOWN,KORLE GONNO
EBONLOA,TAKORADI
EDEA,FIRST LOVE
EDINBURGH,EDMONTON
EDMONTON,LOS ANGELES
EDMONTON UK,EDMONTON
EDOBO,SEKONDI
EDUARDO MONDLANE UNIVERSITY CAMPUS,MAPUTO
EFFIDUASE EJURA CCL,AYAWASO2
EFFIDUASI,BANTAMA
EGKRATIA CENTER,COTONOU
EIRENE CENTER,COTONOU
EJISU,BANTAMA
EJISU KRAPA,BANTAMA
EJURA AFRAMSO,EJURA
EJURA AHYIAYEM,EJURA
EJURA BRIGADE,EJURA
EJURA BROADCASTING,EJURA
EJURA HIAWOANWU,EJURA
EJURA KASEI,EJURA
EJURA MAIN,EJURA
EJURA NKWANTA,EJURA
EJURA SEKYEDUMASI,EJURA
EKPEAME,SOGAKOPE
EKPU,SEKONDI
EKUMFI AKRA,CAPE COAST
EKUMFI ESUEHYIA,CAPE COAST
EKUMFI NARKWA,CAPE COAST
EKUMFI- OTUAM,CAPE COAST
ELDORET,MOMBASA
ELIZABETH,LOS ANGELES
ELIZABETH BRANCH,SYDNEY
ELLA DU PLESSIS,MANZINI
ELLICOTT CITY,LOS ANGELES
ELMINA APARCHE,CAPE COAST
ELMINA BANTUMA,CAPE COAST
ELMINA DC,CAPE COAST
ELMINA PERSHIE,CAPE COAST
ELUBO,SEKONDI
EMBAKASI,NAIROBI
EMBALENHLE,JOHANNESBURG
EMEFS CENTER,HEALING JESUS CATHEDRAL
EMMANUEL CENTRE,LAGOS
EMMAUSE 2,LA
EMPANTCHA,BISSAU
ENCHI,TARKWA
ENFIELD,EDMONTON
ENGLISH RIVER,FIRST LOVE
ENGRESI,AYAWASO2
ENTEBBE,NAIROBI
ENTERAMENTO,BISSAU
ENTUMBIL,CAPE COAST
ENYAN DENKYIRA,CAPE COAST
ENYANMAIM,CAPE COAST
EP AGBOGBA,ADENTA
EPHESIANS CENTRE,LAGOS
ESERESO,ATONSU
ESIAMA,TAKORADI
ESIKADO PALMLANDS,SEKONDI
ESQUIPULAS,LOS ANGELES
ESSAMAN KAKRABA,TARKWA
ESSEN,EDMONTON
ESSEX,LOS ANGELES
ESSUEKYIR,WINNEBA
ESTATE,TECHIMAN
ETOBICOKE,LOS ANGELES
EUROPEAN TOWN,SEKONDI
EVRY,BARCELONA
EWUSIEJOE,TAKORADI
EXHIBITION,KORLE GONNO
EYIPEY,WINNEBA
FADJIKUNDA,BAKAU
FAN MILK,AWOSHIE
FANKYENEBRA,BANTAMA
FANTE NYANKUMASI,ASSIN FOSU
FARGO,LOS ANGELES
FASIN,TAKORADI
FAWOADE,BANTAMA
FENANDOPO,KORLE GONNO
FENDALL,FIRST LOVE
FERROVIARIO,MAPUTO
FESI,KPANDO
FIAPRE-SUNYANI,SUNYANI
FIEVIE,SOGAKOPE
FIIFI,NYANYANOR KAKRABA
FIJAI,TAKORADI
FIRE SERVICE,HOHOE
FIRENZE,BARCELONA
FIRST GATE,MANDELA
FIRST LIGHT,KORLE GONNO
FIRST LOVE - UNIVERSITY OF WOLVERHAMPTON,FIRST LOVE
FIRST LOVE BELIZE CITY,FIRST LOVE
FIRST LOVE CENTER,FIRST LOVE
FIRST LOVE CHURCH MONROVIA,FIRST LOVE
FIRST LOVE CHURCH UNIMAK,FIRST LOVE
FIRST LOVE CHURCH WOODLANDS,FIRST LOVE
FIRST LOVE KAKAMEGA,FIRST LOVE
FIRST LOVE LUANAR,FIRST LOVE
FIRST LOVE NAIROBI,FIRST LOVE
FIRST LOVE ROSEAU,FIRST LOVE
FIRST LOVE UKZN,PIETERMARITZBURG
FIRST LOVE UNILAG CAMPUS,FIRST LOVE
FIRSTLOVE CHURCH,FIRST LOVE
FIRSTLOVE PRAYER SERVICE,FIRST LOVE
FIRTH PARK,EDMONTON
FISE,AYAWASO
FISHERMEAD,EDMONTON
FLC ACHIMOTA CENTER,FIRST LOVE
FLC ALBANY,FIRST LOVE
FLC A-P APARCHE,FIRST LOVE
FLC ASHESI UNIVERSITY,FIRST LOVE
FLC ATLANTA,FIRST LOVE
FLC AUC,FIRST LOVE
FLC BAY AREA,FIRST LOVE
FLC BOSTON,FIRST LOVE
FLC BUDUMBURAM CENTRE,FIRST LOVE
FLC CENTRAL MIOTSO APARCHE,FIRST LOVE
FLC CHICAGO,FIRST LOVE
FLC C-MAT APARCHE,FIRST LOVE
FLC COLUMBUS,FIRST LOVE
FLC DALLAS,FIRST LOVE
FLC EVANSVILLE,FIRST LOVE
FLC FIRSTLOVE CHURCH-MAMPONG,FIRST LOVE
FLC GETTYSBURG,FIRST LOVE
FLC GRAND RAPIDS,FIRST LOVE
FLC GREENSBORO,FIRST LOVE
FLC HANOVER,FIRST LOVE
FLC HONOLULU,FIRST LOVE
FLC HOUSTON,FIRST LOVE
FLC JAYEE UNIVERSITY APARCHE,FIRST LOVE
FLC KASOA CENTRE,FIRST LOVE
FLC KB APARCHE-B,FIRST LOVE
FLC LAPAZ CENTRE,FIRST LOVE
FLC LAS VEGAS,FIRST LOVE
FLC LEE,FIRST LOVE
FLC LEGON CENTER,FIRST LOVE
FLC LETHBRIDGE,FIRST LOVE
FLC LOS ANGELES,FIRST LOVE
FLC MASS CENTRAL,FIRST LOVE
FLC MELBOURNE,FIRST LOVE
FLC MEMPHIS,FIRST LOVE
FLC MIAMI,FIRST LOVE
FLC MURFREESBORO,FIRST LOVE
FLC NARH BITA COLLEGE,FIRST LOVE
FLC NEW HAVEN,FIRST LOVE
FLC NEW YORK,FIRST LOVE
FLC NEWARK,FIRST LOVE
FLC NORTH LEGON CENTER,FIRST LOVE
FLC NYC CENTER,FIRST LOVE
FLC OAKLAND,FIRST LOVE
FLC ORLANDO,FIRST LOVE
FLC OYIBI CENTER,FIRST LOVE
FLC PENT CITY CENTER,FIRST LOVE
FLC PENTECOST UNIV APARCHE,FIRST LOVE
FLC PITTSBURGH,FIRST LOVE
FLC RENO,FIRST LOVE
FLC RICHMOND,FIRST LOVE
FLC ROLLA,FIRST LOVE
FLC SAN JUAN,FIRST LOVE
FLC SCARBOROUGH,FIRST LOVE
FLC TF CENTER,FIRST LOVE
FLC TOLEDO,FIRST LOVE
FLC TORONTO,FIRST LOVE
FLC TOWN CHURCH,FIRST LOVE
FLC UPS,FIRST LOVE
FLC URBANA,FIRST LOVE
FLC WASHINGTON DC,FIRST LOVE
FLC WISCONSIN UNIVERSITY,FIRST LOVE
FLC ZENITH CENTER,FIRST LOVE
FLH AMANFROM SHS,FIRST LOVE
FLH AWUDOME ESTATES,FIRST LOVE
FLH DANSOMAN ASDH,FIRST LOVE
FLH DANSOMAN LS,FIRST LOVE
FLH DANSOMAN SSNIT,FIRST LOVE
FLH DARKUMAN ALAFIA,FIRST LOVE
FLH HAATSO STATION,FIRST LOVE
FLH KANESHIE ASOREDOHO,FIRST LOVE
FLH KASOA FIIFI DOWN,FIRST LOVE
FLH KWABENYA,FIRST LOVE
FLH LAPAZ TEMA STATION,FIRST LOVE
FLH MAMPONG,FIRST LOVE
FLH MAMPONG PRESBY,FIRST LOVE
FLH NORTH K FADAMA,FIRST LOVE
FLH NYAMEKYE JUNCTION,FIRST LOVE
FLH SCC UCOMS,FIRST LOVE
FLH SPINTEX ESTATE JUNCTION,FIRST LOVE
FLH TABORA JUNCTION,FIRST LOVE
FLH TAIFA,FIRST LOVE
FLH TEMA COM 34,FIRST LOVE
FLH TEMA NEWTOWN,FIRST LOVE
FLH TESHIE,FIRST LOVE
FLH TESHIE TSUIBLEO,FIRST LOVE
FLTC PRESTIGE HOSTEL,FIRST LOVE
FLTC UPSA HOSTEL 4,FIRST LOVE
FOCOS HOSPITAL,ADENTA
FOMENA,OBUASI
FOMESUA,BANTAMA
FOREST GATE,EDMONTON
FOREST HILL,CAPE TOWN
FORIFORI,KPANDO
FORT WORTH,LOS ANGELES
FORTUNE CITY,MANDELA
FOSTER APOSTOLIC,ADENTA
FOSTER DOWN,ADENTA
FOSTER HOME FTA,ADENTA
FOSTER JUNCTION,ADENTA
FOSU KROM,ASSIN FOSU
FOSU STATION,ASSIN FOSU
FOTOBI,NSAWAM
FRAFRAHA,OYIBI
FRANCE,PIETERMARITZBURG
FRANCEVILLE,LA BELLE EGLISE
FRANCISTOWN,FIRST LOVE
FRANKFURT,EDMONTON
FRIBOURG,BARCELONA
FULANI,OYIBI
FUMBISI,BOLGATANGA
GABI,KPANDO
GABORONE,FIRST LOVE
GAITHERSBURG,LOS ANGELES
GAKLI,SOGAKOPE
GALILEA,NYANYANOR KAKRABA
GALILEA CENTER,NYANYANOR KAKRABA
GALILEA D25,GREATER LOVE
GAMBAGA,TAMALE NORTH
GAMBIBGO,BOLGATANGA
GANTA,QADOSH
GA-RANKUWA,PRETORIA
GARDEN CITY CENTRE,AYEDUASE
GARINKUKA,TAMALE
GARU,BAWKU
GBALLA,TAMALE NORTH
GBANDI,TAMALE
GBANGU,TAMALE NORTH
GBARNGA,QADOSH
GBAWE,MAKARIOS HQ
GBAWE BANK QUARTERS,NEW GBAWE
GBAWE TOP BASE,NEW GBAWE
GBEFI,KPANDO
GBETSILE,TEMA COMMUNITY 22
GBETSILE US,TEMA COMMUNITY 22
GBI-BLA CENTER,HOHOE
GBI-KPEME,HOHOE
GBIMSI,TAMALE NORTH
GBINTIRI,TAMALE NORTH
GBOXOME-HOHOE,HOHOE
GBUGBLA - DIAMOND CEMENT,SOGAKOPE
GEELONG,SYDNEY
GENEVA,BARCELONA
GEORGETOWN,GEORGETOWN
GERMANTOWN,LOS ANGELES
GERMISTON,JOHANNESBURG
GETHSEMANE,CAPE COAST
GEUCKEDOU,QADOSH
GEZINA,PRETORIA
GHANA FLAG ADENTA CCL,OYIBI
GHANA KPEDZI,SOGAKOPE
GILLY'S HAVEN,HEALING JESUS CATHEDRAL
GLASGOW,EDMONTON
GLEFE CENTER,KORLE GONNO
GLEI,KPALIME
GLEN VIEW,LUSAKA FOXDALE
GLENDALE,LUSAKA FOXDALE
GOASO,SUNYANI
GOBA ROAD,SOGAKOPE
GOBABIS,MANZINI
GOD KNOWS,NYANYANOR KAKRABA
GOD'S POWER CENTER,ACHIMOTA
GOLDEN GATE A39,GREATER LOVE
GOLDEN VALLEY A3,GREATER LOVE
GOLDFIELDS,HOHOE
GOLF ESTATE,TEMA COMMUNITY 22
GOMOA BENSO,SWEDRU
GOMOA BROFOYEDUR,SWEDRU
GOMOA NYANYANO,NYANYANOR KAKRABA
GOMOA-AFRANSI,SWEDRU
GONNO SCHOOL,TESHIE
GONZAQUE,OFAAKOR
GOROKA,SYDNEY
GOSHEN,TEMA COMMUNITY 22
GOVAN MBEKI,CAPE TOWN
GP KPOTA,SOGAKOPE
GRACE AVENUE OGOO FARM,QADOSH
GRANDJA CENTRE,BISSAU
GRANVILLE APARCHE,SYDNEY
GRASAG CENTRE,AYEDUASE
GRAY'S FARM,GEORGETOWN
GREAT EAST,LUSAKA FOXDALE
GREAT NORTH,LUSAKA FOXDALE
GREATER LOVE CATHEDRAL,GREATER LOVE
GREEN COMPOUND,TARKWA
GREEN ESTATE,NYANYANOR KAKRABA
GREENFORD,EDMONTON
GREENSBORO,LOS ANGELES
GROS ISLET,FIRST LOVE
GRUMA WEST,KINTAMPO
GRUMESAH,TARKWA
GUANGZOU,FIRST LOVE
GULUMPE,KINTAMPO
GUMANI,TAMALE NORTH
GUMYOKO,BAWKU
GUONIA,BOLGATANGA
GURUGU,TAMALE
GURUGU CENTER A,TAMALE
GURUGU CENTER B,TAMALE
GURUGU CENTER C,TAMALE
GURUGU CENTER D,TAMALE
GURUGU CENTER E,TAMALE
GURUGU CENTER F,TAMALE
GUSHEGU,TAMALE
GWERU,LUSAKA FOXDALE
GWIRA BANSO,TAKORADI
GWYNNEVILLE,SYDNEY
GYABENKROM,TAKORADI
GYANGYANADZE,WINNEBA
GYEDIEM,SUNYANI
GYENGYEN,KETE-KRACHI
HAATSO GREENHIL,OYIBI
HACKNEY,EDMONTON
HAFIA,BISSAU
HAGERSTOWN,LOS ANGELES
HALF ASSINI,SEKONDI
HAMANSKRAAL,PRETORIA
HAMBURG,EDMONTON
HAMDALLAYE ACI 2000,BAMAKO
HAMILTON LAUREL CCL,LOS ANGELES
HANNOVER,EDMONTON
HANOVER,LOS ANGELES
HANSONIC,QODESH
HARBEL,QADOSH
HARLESDEN,EDMONTON
HARROW,EDMONTON
HARTFORD,LOS ANGELES
HATFIELD,EDMONTON
HATSUKORPE,SOGAKOPE
HAVE,KPANDO
HAWASSA,JOHANNESBURG
HEADINGLEY,EDMONTON
HEALING JESUS CATHEDRAL,HEALING JESUS CATHEDRAL
HEALTH ASSISTANT TRAINING SCHOOL,ASSIN FOSU
HEBRON,PRETORIA
HEDZRANAWO,SOGAKOPE
HEMANG,ATONSU
HIGH WYCOMBE,EDMONTON
HIGHFIELD,LUSAKA FOXDALE
HILLTOP,TAMALE NORTH
HIMAN,TARKWA
HIMAN DA,TARKWA
HO,HO
HOBOR,AYAWASO
HO-DOME,HO
HOHOE,HOHOE
HOHOE - ABANSI,HOHOE
HOHOE-CMB,HOHOE
HOHOLA,SYDNEY
HONGKONG KWASHIEMAN,SANTA MARIA
HONIARA,SYDNEY
HOSPITAL CENTRE A,HOHOE
HOSPITAL CENTRE B,HOHOE
HOTEL BUCHANAN,QADOSH
HOTOPO,TAKORADI
HOUNSLOW,EDMONTON
HOUSTON COPPERFIELD,LOS ANGELES
HOUSTON NORTH,LOS ANGELES
HOUSTON SOUTH,LOS ANGELES
HOUSTON SOUTHWEST,LOS ANGELES
HUDDERSFIELD,EDMONTON
HUDDERSFIELD CITY CENTER,EDMONTON
HULENE B-IPASOL,MAPUTO
HULENE B-RUA 02,MAPUTO
HULL,EDMONTON
HUMBER,LOS ANGELES
HUNI VALLEY,TARKWA
HWIDIEM,SUNYANI
HYDERABAD,PUNE
IBADAN,LAGOS
ILFORD,EDMONTON
ILITHA PARK,CAPE TOWN
IMBALI,PIETERMARITZBURG
INCHABAN,SEKONDI
INDEPENDENCE HALL CENTRE,AYEDUASE
INDIANAPOLIS,LOS ANGELES
INHAGOIA A,MAPUTO
INHAMBANE,MAPUTO
INHARRIME,MAPUTO
INSAKINA,TESHIE
IPT DENKYEMUOSO,BANTAMA
IRON CITY,OFAAKOR
ISRAEL YELLOW HOUSE,ABEKA
ISRAERL,ABEKA
ISTANBUL,BARCELONA
ITUMA,SEKONDI
IWULINDO,TAMALE NORTH
JABAQUARA,SAO PAULO
JACHIE,ATONSU
JACKSONVILLE,LOS ANGELES
JACOBU,OBUASI
JAKPOKPONDO,TAMALE NORTH
JAMA NKWANTA,TAMALE NORTH
JAMASE,AYAWASO2
JAMBELA MAGXAKI,CAPE TOWN
JAMES TOWN,AYAWASO2
JAMRA,CAPE COAST
JANCHUGU,TAMALE NORTH
JANFOYA,TAMALE
JANGAMO,MAPUTO
JANKUN,TAMALE
JANTONG,TAMALE
JAPA,TARKWA
JASIKAN,HOHOE
JATO AKURA,KINTAMPO
JEHOVAH,NYANYANOR KAKRABA
JEMA,KINTAMPO
JEMA NKWANTA,KINTAMPO
JENFELD,EDMONTON
JERUSALEM,TARKWA
JESMOND,SYDNEY
JINJA,NAIROBI
JIRAPA,WA
JOE SLOVO,CAPE TOWN
JOHANNESBURG CAMPUS CHURCH,FIRST LOVE
JOHN CENTER,LAGOS
JOHN CENTRE,KORLE GONNO
JOHN TEYE,AYAWASO
JOHNSTON,GEORGETOWN
JORDAN,LA
JOSEPH CENTRE,LAGOS
JOSINA MACHEL INHAMBANE,MAPUTO
JUABEN,BANTAMA
JUANSA,AYAWASO2
JUAPONG,HO
JUASO,AYAWASO2
JUI,FIRST LOVE
JUMAPO,KOFORIDUA
K LINE,KINTAMPO
KAADI,BAWKU
KAAFIHIYILLI,TAMALE NORTH
KAASE,ASOKWA
KABEKURA 1,KPANDO
KABETE,MOMBASA
KABITI,KETE-KRACHI
KABRIYA,TAMALE NORTH
KABWE,LUSAKA FOXDALE
KADE,AYAWASO2
KADE ADOMPO,AYAWASO2
KADE STADIUM,AYAWASO2
KADELSO,KINTAMPO
KADJEBI,HOHOE
KAGBURASHEI,TAMALE
KAINOS CENTER,COTONOU
KAJABIL,TAKORADI
KAKASUNANKA NO 1,TEMA COMMUNITY 22
KAKASUNANKA NO 2,DAWHENYA
KAKATA,QADOSH
KAKRABA DOWN,NYANYANOR KAKRABA
KAKRABA NEW TOWN,NYANYANOR KAKRABA
KALABAN CORO PLATEAU,BAMAKO
KALABULEY,NYANYANOR KAKRABA
KALEO,WA
KALFONTEIN,JOHANNESBURG
KAMBOINSIN,OUAGADOUGOU
KAMBOINSIN CENTER,OUAGADOUGOU
KAMBONAYILI,TAMALE
KAMPALA APARCHE,NAIROBI
KAMSONGHIN CENTER,OUAGADOUGOU
KANANDO,TAMALE
KANAWU SUNCITY,TEMA COMMUNITY 22
KANDA,ACHIMOTA
KANDA MKC,MAKARIOS HQ
KANDIN,TAMALE
KANESHIE CENTER,KORLE GONNO
KANEWU,LA
KANJO,TAMALE NORTH
KANSAS CITY,LOS ANGELES
KANSAWOROWDO,TAKORADI
KARAGA,TAMALE
KARIBIB,MANZINI
KARIS CENTER,ACHIMOTA
KARLO,TARKWA
KARPALA,OUAGADOUGOU
KAS VALLEY,OYIBI
KASARANI,MOMBASA
KASAWURAPE,TAMALE NORTH
KASOA ASEMPA DOWN,OFAAKOR
KASOA OTAMENS D12,GREATER LOVE
KASOA TIPPER E4,GREATER LOVE
KASOACENTRAL D3,GREATER LOVE
KASSEL,EDMONTON
KATAMANSO,TEMA COMMUNITY 22
KATAMANSO NO.2,TEMA COMMUNITY 22
KATANGA,TAMALE NORTH
KATI,BAMAKO
KATIEJELI,TAMALE NORTH
KATIMA MULILO,MANZINI
KATO-BEREKUM,BEREKUM
KATR YAAR CENTER,OUAGADOUGOU
KAWAMBWA,LUSAKA FOXDALE
KAWAMPE,KINTAMPO
KAYERESO,TAMALE NORTH
KAYES,BAMAKO
KB NMTC HOUSE 17,FIRST LOVE
KEELE,LOS ANGELES
KEEPFIT DOWN,QODESH
KEKANA GARDENS,PRETORIA
KENEMA,FIRST LOVE
KENT CITY,ASOKWA
KENTINKRONO,BANTAMA
KERICHO,MOMBASA
KERR JATT,BAKAU
KESSIM,CAPE COAST
KETA MAIN,SOGAKOPE
KETAN,SEKONDI
KETE-KRACHI,KETE-KRACHI
KETTERING,EDMONTON
KG CATHEDRAL CENTER,KORLE GONNO
KG ROBERTS CHAPEL,KORLE GONNO
KHAYELITSHA KUYASA,CAPE TOWN
KHAYELITSHA MAKHAYA,CAPE TOWN
KHONGOLOTE,MAPUTO
KIBI,AYAWASO2
KIBI ADUKROM,AYAWASO2
KIEL,EDMONTON
KIGALI KIMIRONKO,NAIROBI
KIJOMANG,TAMALE
KIKAM,TAKORADI
KILIMANJARO HOHOE CCL,KPANDO
KIMBERLEY,MASERU
KIMOATEEK,TAMALE
KING WILLIAMSTOWN,CAPE TOWN
KINGS ACADEMY,LA
KINGSTANDING,EDMONTON
KINGSTOWN,GEORGETOWN
KINGS-WAY,TESHIE
KINSHASA APARCHE,FIRST LOVE
KINSHASA KINKOLE,FIRST LOVE
KINSHASA UPN,FIRST LOVE
KISUMU,MOMBASA
KITALE,MOMBASA
KITASE,PEDUASE
KK2 SHEMEN,DAWHENYA
KLAGON,HEALING JESUS CATHEDRAL
KLAGON ASHAIMAN CHAPEL SQUARE CCL,ASHAIMAN CHAPEL SQUARE
KLEDZO,HOHOE
KLEFE,HO
KLIPGAT,PRETORIA
KNUST SHALOM,FIRST LOVE
KODIE,ASOKWA
KOFI GYAN,TARKWA
KOFI KWEI,AYAWASO
KOFORIDUA ADWESO,KOFORIDUA
KOGBO,QADOSH
KOHIYILI,TAMALE
KOJO OKU,NYANYANOR KAKRABA
KOJOBONI,TAMALE NORTH
KOJOKROM,SEKONDI
KOKOBEN,BANTAMA
KOKOBRA,ASOKWA
KOKOMLEMLE,AYAWASO
KOKOMPE CENTER,SANTA MARIA
KOKOTI,BANTAMA
KOKROBITE,GREATER LOVE
KOKROBITE C30,GREATER LOVE
KOKROBITE FARM,GREATER LOVE
KOKROBITE FULANI C9,GREATER LOVE
KOKUMA,KINTAMPO
KOLKOTA,PUNE
KOLN,EDMONTON
KOLPELGO,BAWKU
KOMENDA,CAPE COAST
KONARE,TAMALE
KONFOEKO,SEKONDI
KONKONNURU,PEDUASE
KONO,QADOSH
KONONGO LOWCOST,AYAWASO2
KONONGO ODUMASE,AYAWASO2
KORADASO,KOFORIDUA
KORLE GONNO CATHEDRAL,KORLE GONNO
KORLE GONNO CENTER,KORLE GONNO
KORLE NKWANTA,KOFORIDUA
KORLE-BU DANSUMAN HI,GREATER LOVE
KORMAIM,CAPE COAST
KORMANTSE,CAPE COAST
KORPELLA,BOLGATANGA
KORPEYIA,SOGAKOPE
KOTEI,BANTAMA
KOTEI CENTRE,AYEDUASE
KOTOBABI,AYAWASO
KOTOBABI EBONY,AYAWASO
KOTWI,ATONSU
KPABOKU,TAMALE
KPAGURI,WA
KPALGAGBINI,TAMALE
KPALIME,KPALIME
KPALSI,TAMALE NORTH
KPALSORGU,TAMALE NORTH
KPALUGU CENTER,BAWKU
KPALUGU NO.2,BAWKU
KPALWEGA JHS,BAWKU
KPALWEGA SAVED CHURCH,BAWKU
KPANDAI,TAMALE NORTH
KPANDAI NEWTOWN,TAMALE NORTH
KPANDO,KPANDO
KPANDO ABANU,KPANDO
KPANDO AZIAVI,KPANDO
KPANDO TORKOR,KPANDO
KPARISAGA,WA
KPASSA,KETE-KRACHI
KPATURI,TAMALE NORTH
KPEDZE,HO
KPENOE,HO
KPENTAUNG,TAMALE NORTH
KPETOE,HO
KPEVE,KPANDO
KPOBIKORPE,AYAWASO
KPOBIKORPE NORTH,AYAWASO
KPOBIMAN CENTER,ACHIMOTA
KPOETA,HOHOE
KPONE FARMS,TEMA
KPONE KOKOMPE,DAWHENYA
KPONE SCHOOL JUNCTION,DAWHENYA
KPONE SHALOM ESTATE,DAWHENYA
KPONE ST MICHAEL,DAWHENYA
KPONE-BAWALESHIE,OYIBI
KPONG,DAWHENYA
KPONG LORLORNYO,DAWHENYA
KPONG QUARTERS,DAWHENYA
KPONG ZONGO,DAWHENYA
KPOTAME,SOGAKOPE
KRAAIFONTEIN,CAPE TOWN
KRABOA COALTAR,AYAWASO2
KRABONSO,KINTAMPO
KRABONSO ROAD,KINTAMPO
KRISPOL CITY,NYANYANOR KAKRABA
KRISPOL CITY AA,OFAAKOR
KROBO ODUMASE,DAWHENYA
KROFROM,SUNYANI
KROMOASE,BANTAMA
KRONUM,ASOKWA
KRONUM BTM,BANTAMA
KRUPIASE-DROBO,BEREKUM
KRUTAKYI,KINTAMPO
KUDZEKOPE,SOGAKOPE
KUDZRA,KPANDO
KUKA-ZULI,BAWKU
KUKORE,BOLGATANGA
KUKPAL-GBINI,KINTAMPO
KUKPALIGU,TAMALE
KUKUOM,SUNYANI
KUKURANTUMI,KOFORIDUA
KULKPENI,TAMALE NORTH
KUMAWU,AYAWASO2
KUMBA,FIRST LOVE
KUMBUNGU,TAMALE NORTH
KUMTUMBIYILE,TAMALE
KUMUDI,TAMALE NORTH
KUNTANASE,ATONSU
KUNTANASE CENTER,CAPE COAST
KUNTUNSE SATELLITE,AYAWASO
KUSANABA,BOLGATANGA
KUSIJAN,WA
KUTUNSE,AYAWASO
KUTUNSE AYAWASO,AYAWASO
KUTUNSE SATELLITE,ABEKA
KUTUNSE-AKOTOSHIE,AYAWASO
KUTUNSE-SARPEIMAN,AYAWASO
KUTUNSE-TREBA,AYAWASO
KWABEN,TARKWA
KWABENG,AYAWASO2
KWABENYA,BEREKUSO
KWABENYA ABUOM JUNCTION,BEREKUSO
KWABENYA CENTER,ACHIMOTA
KWADASO,ATONSU
KWAHU BEPONG,AYAWASO2
KWAHU OBOMENG,AYAWASO2
KWAHU OBOO,AYAWASO2
KWAHU TAFO,AYAWASO2
KWAKUAE,KETE-KRACHI
KWALUSENI,MANZINI
KWAMAGXAKI,CAPE TOWN
KWAME DANSO BANTAMA,EJURA
KWAME DANSO KYEAMEKROM,EJURA
KWAME DANSO LEMU,EJURA
KWAME DANSO MISSION,EJURA
KWAME DANSO-NFRAMA,EJURA
KWAMLANGA,PRETORIA
KWAMO,BANTAMA
KWASHIEBU,SANTA MARIA
KWASHIEMAN ADDY JUNCTION,SANTA MARIA
KWASO,ATONSU
KWEIKUMA,TAKORADI
KWEIMAN,OYIBI
KWEIMAN MAIN,OYIBI
KWENDRUM,WINNEBA
KWESIMINTSIM,TAKORADI
KWESIMINTSIM ZONGO,TAKORADI
KYEKYEWERE,ATONSU
KYEREMANKOMA,KINTAMPO
LA CHAUX DE FONDS,BARCELONA
LA EMAUSE,TESHIE
LA HAVANA PARK,TESHIE
LA KOJO SARDIN,TESHIE
LA LANTE GEORGE,TESHIE
LA LUU,TESHIE
LA MAAMLI,TESHIE
LA PRESEC,KORLE GONNO
LA TRADE FAIR,TESHIE
LA WIRELESS,TESHIE
LABANON CENTER,TEMA
LA-BAWALESHIE,OYIBI
LABIKON,TAMALE NORTH
LABONE,MAKARIOS HQ
LADYWOOD,EDMONTON
LAE CITY,SYDNEY
LAGOS APARCHE,LAGOS
LAGOS NORTH AKUTE,LAGOS
LAGOS TOWN,TAKORADI
LAHAGU,TAMALE
LAISAA,BAWKU
LAKESIDE,OYIBI
LAKESIDE MKC,MAKARIOS HQ
LAMA KARA,KPALIME
LAMASHEGU,TAMALE NORTH
LAMBARENE,LA BELLE EGLISE
LAMBUSSIE,WA
LAMS,KINTAMPO
LANCASTER,LOS ANGELES
LANGMA,GREATER LOVE
LA-NKWANTANANG,OYIBI
LAPAZ,AYAWASO
LAPAZ MKC,MAKARIOS HQ
LAPAZ NEW MARKET,ABEKA
LARTEH,PEDUASE
LARTEH KUBEASE,PEDUASE
LAS CRUCES,LOS ANGELES
LAS VEGAS,LOS ANGELES
LASCALA MARKET,TESHIE
LASHIBI,HEALING JESUS CATHEDRAL
LATERBIOKORSHIE,KORLE GONNO
LATERBIOKOSHIE CENTER,KORLE GONNO
LAULANE,MAPUTO
LAUSANNE,BARCELONA
LAWRA,WA
LE GOSIER,FIRST LOVE
LEBANON ZONE 2,ASHAIMAN CHAPEL SQUARE
LEBOWAKGOMO,PRETORIA
LEEDS,EDMONTON
LEGON CAMPUS,OYIBI
LEGON MKC,MAKARIOS HQ
LEGON STAFF VILLAGE,OYIBI
LEICESTER,EDMONTON
LEICESTER CITY CENTRE,EDMONTON
LEKKI,LAGOS
LEKLEBI DUGA,KETE-KRACHI
LEKMA,LA
LEKMA BLOCK FACTORY,TESHIE
LEO 2000,LOME
LEOMINSTER,LOS ANGELES
LEPHALALE,PRETORIA
LEPUSI,TAMALE NORTH
LETHBRIDGE,LOS ANGELES
LETHEM,GEORGETOWN
LEXINGTON,LOS ANGELES
LEYTON,EDMONTON
LHI ABEOKUTA,LAGOS
LHI ABUJA,LAGOS
LHI CALABAR,LAGOS
LHI ENUGU,LAGOS
LIBERDADE,MAPUTO
LIBERTY CENTRE,AYEDUASE
LIBREVILLE,LA BELLE EGLISE
LIBYA QUARTERS,OYIBI
LIKPE,HOHOE
LIKPE-ABRANI,HOHOE
LILONGWE,FIRST LOVE
LIMBE,FIRST LOVE
LIMOUSINE,LOME
LION OF JUDAH CATHEDRAL,CAPE COAST
LIVERPOOL TOTTENHAM CCL,EDMONTON
LIVING STAR,ADENTA
LIVINGSTONE,FIRST LOVE
LOGAN TOWN,QADOSH
LOGBESSOU,FIRST LOVE
LOGOPE,LOME
LOHEGAON,PUNE
LOKPODZI,SOGAKOPE
LOLA,QADOSH
LOLOBI ASHIAMBI,HOHOE
LOME,LOME
LOMNAVA,ABEKA
LONDON APARCHE,EDMONTON
LOS ANGELES,LOS ANGELES
LOUGHBOROUGH,EDMONTON
LOUISVILLE,LOS ANGELES
LOWCOST SOGAKOPE CCL,SOGAKOPE
LOWELL,LOS ANGELES
LOWER VIRGINIA,QADOSH
LOYALTY HOUSE HQ,DAWHENYA
LUANDA APARCHE,MAPUTO
LUBUMBASHI,FIRST LOVE
LUKE CENTER,LAGOS
LUKE CENTRE,KORLE GONNO
LUMNAVA,OYIBI
LUNGI,QADOSH
LUNGNI,TAMALE NORTH
LUNGU,BAWKU
LUSAKA APARCHE,FIRST LOVE
LUSAKA FOXDALE,LUSAKA FOXDALE
LUSAKA WEST,LUSAKA FOXDALE
LUTON,EDMONTON
LUZERN,BARCELONA
LYBIA QUARTERS,ADENTA
LYON,BARCELONA
MAALAM JUNCTION,KORLE GONNO
MAAMOBI,MAKARIOS HQ
MAAMOBI WEST,AYAWASO
MAASE,KOFORIDUA
MABEDO,TAMALE NORTH
MABLETON,LOS ANGELES
MACENTA,QADOSH
MADINA,KPANDO
MADINA CENTER,ACHIMOTA
MADINA CENTRE,MAKARIOS HQ
MADINA ESTATES,MAKARIOS HQ
MADINA NO 3,OYIBI
MADRID,BARCELONA
MAFIKENG,MASERU
MAFI-KUMASE,HO
MAHAJANGA,FIRST LOVE
MAHLANYA,MANZINI
MAKA 1,LA BELLE EGLISE
MAKARIOS CATHEDRAL,MAKARIOS HQ
MAKARIOS CATHEDRAL-BISSAU,BISSAU
MAKENI,FIRST LOVE
MAKHAYA,CAPE TOWN
MAKHAZA,CAPE TOWN
MAKHAZA 40 SECTION,CAPE TOWN
MAKHAZA 41 SECTION,CAPE TOWN
MAKHAZA 44 SECTION,CAPE TOWN
MAKROTHUMIA CENTER,COTONOU
MALABO,GREATER LOVE
MALEJOR TAXI RANK,OYIBI
MALHANGALENE,MAPUTO
MALINDZA,MANZINI
MALLAM,NEW GBAWE
MALMESBURY,CAPE TOWN
MALMO,FIRST LOVE
MALSHEGU,TAMALE NORTH
MAM ACADEMY,OYIBI
MAMELODI,PRETORIA
MAMFAM,WINNEBA
MAMFE,PEDUASE
MAMPONG ASAAM,ASOKWA
MAMPONG BEPOSO,ASOKWA
MAMPONG BOANIM,ASOKWA
MAMPONG KOFIASE,ASOKWA
MAMPONG MAIN,ASOKWA
MAMPONG NSUTA,ASOKWA
MAMPONG ZONGO,ASOKWA
MAMPONG(AKWUAPIM),PEDUASE
MAMPONTENG,BANTAMA
MAMPONTENG PKO,BANTAMA
MAMPROBI,KORLE GONNO
MAMPROBI CENTER,KORLE GONNO
MAMPROBI EXTRA O,KORLE GONNO
MANAGUA,LOS ANGELES
MANASSAS,LOS ANGELES
MANCHESTER LAUREL CCL,LOS ANGELES
MANCHESTER TOTTENHAM CCL,EDMONTON
MANDARI,WA
MANDELA,MANDELA
MANDEVILLE,KINGSTON
MANDO,CAPE COAST
MANET CENTER,HEALING JESUS CATHEDRAL
MANGA,BAWKU
MANGOASE,KETE-KRACHI
MANGOASE ACHIMOTA CCL,BEREKUSO
MANGOASE TAMALE CCL,TAMALE
MANHATTAN,LOS ANGELES
MANHYIA ZONGO-GOASO,SUNYANI
MANJAIKUNDA,BAKAU
MANKATO,LOS ANGELES
MANKAYANE,MANZINI
MANKESSIM,CAPE COAST
MANKESSIM NANAANOM,CAPE COAST
MANKESSIM NETRO,CAPE COAST
MANKESSIM SABS,CAPE COAST
MANKESSIM-ESTATES,CAPE COAST
MANKOADZE,WINNEBA
MANKRANSO,BANTAMA
MANKRANSO SHS,BANTAMA
MANSA,LUSAKA FOXDALE
MANSO,AYAWASO2
MANSO AMENFI,TARKWA
MANSO ATWERE,OBUASI
MANTEY FARM,ADENTA
MANTILI,TAMALE
MANYA KPONGUNOR,DAWHENYA
MANZINI,MANZINI
MAPUTO APARCHE,MAPUTO
MARK CENTRE,KORLE GONNO
MARKET II,OYIBI
MAROUA,FIRST LOVE
MARRACUENE,MAPUTO
MARVERLY,KINGSTON
MASAKI,FIRST LOVE
MASALACHI A18,GREATER LOVE
MASERU,MASERU
MASIAKA,QADOSH
MASSAYA,LOS ANGELES
MASSAYA-FLORES,LOS ANGELES
MASSINGA,MAPUTO
MASTER SAM,CAPE COAST
MATAHEKO,KORLE GONNO
MATAHEKO CENTER,KORLE GONNO
MATAHEKO MARS,KORLE GONNO
MATHEW CENTER,KORLE GONNO
MATOLA A,MAPUTO
MATOLA FOMENTO,MAPUTO
MATTHEW CENTER,LAGOS
MAWULI ESTATE,HO
MAXAQUENE,MAPUTO
MAXAQUENE C,MAPUTO
MAXIMA CENTRE,AYEDUASE
MAXIXE-INHAMBANE,MAPUTO
MAYERA-DUNNYO,AYAWASO
MBABANE,MANZINI
M'BADON,OFAAKOR
MBAIKI,LA BELLE EGLISE
MBOWURA,TAMALE NORTH
MBUYA,NAIROBI
MCCARTHY HILL,NEW GBAWE
MEADOWLANDS,JOHANNESBURG
MEDICAL CITY,SOGAKOPE
MEDICAL VILLAGE NKWANTA CCL,KPANDO
MEDIE,AYAWASO
MEDUMA,BANTAMA
MELBOURNE,SYDNEY
MELUN,BARCELONA
MEM-CHEMFRE,KPANDO
MEME,TAMALE NORTH
MEMPEASEM,OYIBI
MEMPEASEM PALMLANDS,SEKONDI
MEMPHIS BARTLETT,LOS ANGELES
MENGO,NAIROBI
MENUSO,HOHOE
MENZEZOR,SEKONDI
MEPOM,AYAWASO2
MERIDIAN DOWN CENTER,TEMA
METHODIST C,AYAWASO2
METHODIST JUNCTION,DAWHENYA
MHLALENI,MANZINI
MIAMI,LOS ANGELES
MIAMI SOUTH,LOS ANGELES
MIDDLEBURG,PRETORIA
MIDDLESBOROUGH,EDMONTON
MIDRAND,JOHANNESBURG
MILANO,BARCELONA
MILE-50,KOFORIDUA
MILLENIUM CITY CENTER,NYANYANOR KAKRABA
MILLENNIUM CITY,AYAWASO2
MILNERTON,CAPE TOWN
MILTON KEYNES,EDMONTON
MIM,SUNYANI
MIMSHACK CENTER,ACHIMOTA
MINNEAPOLIS,LOS ANGELES
MISSIGA,BAWKU
MISSISSAUGA,LOS ANGELES
MITCHAM,EDMONTON
MKC LA NKWANTANANG,MAKARIOS HQ
MKC TESHIE,MAKARIOS HQ
MODENA,BARCELONA
MOLOTO,PRETORIA
MOMBASSA,MOMBASA
MONKRA,KETE-KRACHI
MONTEGO BAY 1,KINGSTON
MONTREAL,LOS ANGELES
MONZA,BARCELONA
MOREE,CAPE COAST
MORNING STAR,CAPE TOWN
MORRUMBENE,MAPUTO
MORTARA,BARCELONA
MOSTON,EDMONTON
MOTHERWELL,CAPE TOWN
MOUILA,LA BELLE EGLISE
MOUNT FRERE,CAPE TOWN
MOUNT ROSKILL,SYDNEY
MOUNTAIN VIEW,OFAAKOR
MPAKA,MANZINI
MPINTSIN,SEKONDI
MPOASE,KORLE GONNO
MPOHOR TAKORADI CCL,TAKORADI
MPOPHOMENI,PIETERMARITZBURG
MPRAESO,AYAWASO2
MPRAESO-AKROPONG,AYAWASO2
MPRAESO-ATIBIE APENTENG,AYAWASO2
MPRAESO-OLD RIDGE,AYAWASO2
MPRAESO-RAMSIER,AYAWASO2
MPRAESO-TECH,AYAWASO2
MR. SMITH,ADENTA
MT SINAI,KPANDO
MTHATHA-WEST,CAPE TOWN
MUBIDO,TAMALE NORTH
MUMFORD,WINNEBA
MUNICH,EDMONTON
MUNICIPAL ASSEMBLY,KINTAMPO
MURFREESBORO,LOS ANGELES
MUSINA,PRETORIA
MUTENDERE,LUSAKA FOXDALE
NABAYILI,TAMALE NORTH
NACHIMBIYA,TAMALE
NADI,SYDNEY
NADOWLI,WA
NAHUYILI,TAMALE
NAIROBI APARCHE,NAIROBI
NAIVASHA,MOMBASA
NAKORA,DAWHENYA
NAKPALE-BORLE,TAMALE
NAKPANDURI,TAMALE NORTH
NALERIGU,TAMALE NORTH
NAMPULA,MAPUTO
NANDOM,WA
NANKESE,NSAWAM
NANKESSIDO,CAPE COAST
NANORI,TAMALE NORTH
NANTE,KINTAMPO
NAPOLI,BARCELONA
NARANGO,BAWKU
NARANGSAAG,BAWKU
NASHVILLE,LOS ANGELES
NAYAGNIA,BOLGATANGA
NAYOKO,BAWKU
NAYOKO NO. 1,BAWKU
NDAKRO CENTER,OFAAKOR
N'DJAMENA,EDMONTON
NECHELLS,EDMONTON
NELLMAPIUS EXT 24,PRETORIA
NELSPRUIT,PRETORIA
NEUCHATEL,BARCELONA
NEW ABIREM,AYAWASO2
NEW ACHIMOTA,MAKARIOS HQ
NEW ACHIMOTA CENTER,ACHIMOTA
NEW ADENTA,MAKARIOS HQ
NEW AGOU,KETE-KRACHI
NEW AKRADE,DAWHENYA
NEW AMANFROM,OFAAKOR
NEW AMSTERDAM,GEORGETOWN
NEW ASHONGMAN,ACHIMOTA
NEW AYIKUMA,OYIBI
NEW AYOMA,HOHOE
NEW BAIKA,HOHOE
NEW BORTIANOR A8,GREATER LOVE
NEW BORTIANOR B9,GREATER LOVE
NEW CROSS GATE,EDMONTON
NEW EDUBIASE,OBUASI
NEW GBAWE,NEW GBAWE
NEW GEORGIA ESTATES,QADOSH
NEW HAVEN,LOS ANGELES
NEW LEGON,OYIBI
NEW LEGON MKC,MAKARIOS HQ
NEW LONGORO,WA
NEW MARKET CENTER,NYANYANOR KAKRABA
NEW NINGO,DAWHENYA
NEW NKUSUKUM,CAPE COAST
NEW NZELUZO,SEKONDI
NEW POWMU,TEMA COMMUNITY 22
NEW SANGVI,PUNE
NEW SAWMILLS,SWEDRU
NEW SEBREPOR,DAWHENYA
NEW SEBREPOR ANNEX,DAWHENYA
NEW SEBREPOR VILLA,DAWHENYA
NEW SOUTHGATE,EDMONTON
NEW TAFO,KOFORIDUA
NEW TAFO KINTAMPO,KINTAMPO
NEW TAIFA CENTER,ACHIMOTA
NEW TAKORADI,TAKORADI
NEW TAKORADI LOWER PARK,TAKORADI
NEW TAKORADI QUARTERS,TAKORADI
NEW TOWN CENTER,TECHIMAN
NEW TOWN-SUNYANI,SUNYANI
NEW WEIJA,NEW GBAWE
NEW WEIJA G2,GREATER LOVE
NEW YAKASE,TARKWA
NEWARK,LOS ANGELES
NEWBURGH,LOS ANGELES
NEWCASTLE,LOS ANGELES
NEWLAND AFIENYA,TEMA COMMUNITY 22
NEWTOWN SOGAKOPE CCL,SOGAKOPE
NGONG,MOMBASA
NGYIRESIA,SEKONDI
NHLANGANO,MANZINI
NIAMEY,LAGOS
NIMA,ACHIMOTA
NIMA ALASKA,MAKARIOS HQ
NINKOGO,BAWKU
NJOBILIBO,TAMALE
NJONANDO,TAMALE NORTH
NKANFOA,CAPE COAST
NKAWIE,BANTAMA
NKAWKAW,AYAWASO2
NKAWKAW AMANFROM,AYAWASO2
NKAWKAW- DANTENG,AYAWASO2
NKAWKAW- DOMEABRA,AYAWASO2
NKAWKAW- ODUMASE,AYAWASO2
NKAWKAW-ADOAGYIRE,AYAWASO2
NKAWKAW-APESIKA,AYAWASO2
NKAWKAW-ASUBONI,AYAWASO2
NKAWKAW-ASUOGYA,AYAWASO2
NKAWKAW-AYIGBE TOWN,AYAWASO2
NKAWKAW-NKWASEC,AYAWASO2
NKAWKAW-SDA SCHOOL,AYAWASO2
NKENKAASU,ASOKWA
NKONYA,KPANDO
NKORANSA,ATONSU
NKORANZA,TECHIMAN
NKORANZA-ASEKYE,TECHIMAN
NKROFUL,TAKORADI
NKURAKAN,KOFORIDUA
NKWABENG,TECHIMAN
NKWABENG SUNYANI CCL,SUNYANI
NKWANTA,KETE-KRACHI
NKWANTA DISTRICT ASSEMBLY,KETE-KRACHI
NKWANTA KPEVE,KETE-KRACHI
NKWANTANANG,AYAWASO2
NKWATIA,AYAWASO2
NMMU CAMPUS CHURCH,CAPE TOWN
NMMU NORTH CAMPUS,CAPE TOWN
NMMU SECOND AVENUE,CAPE TOWN
NMMU SOUTH CAMPUS,CAPE TOWN
NMTC NEWSITE,FIRST LOVE
NMTC NEWSITE-M,FIRST LOVE
NOEPE,KPALIME
NORTH CAMPUS,WINNEBA
NORTH DALLAS,LOS ANGELES
NORTH KANESHIE,MAKARIOS HQ
NORTH KENSINGTON,EDMONTON
NORTH LEGON,OYIBI
NORTH LEGON MKC,MAKARIOS HQ
NORTH OXFORD,EDMONTON
NORTH VANCOUVER,LOS ANGELES
NORTHAMPTON,EDMONTON
NORTHAMPTON WESTON FAVEL,EDMONTON
NORTHSHORE,SYDNEY
NORTON,LUSAKA FOXDALE
NORWICH,EDMONTON
NOTTINGHAM,EDMONTON
NOTTINGHAM HUCKNALL,EDMONTON
NOTTINGHAM LENTON,EDMONTON
NOVARA,BARCELONA
NOYEM,AYAWASO2
NSAKINA,OFAAKOR
NSANA ZONGO 1,KPANDO
NSANA ZONGO 2,KPANDO
NSAWAM,NSAWAM
NSAWAM - ADOAGYIRI,NSAWAM
NSAWAM - DOBRO,NSAWAM
NSAWAM BUNGALOW,NSAWAM
NSAWAM GARDENS,TESHIE
NSAWAM-AKWAMU,NSAWAM
NSAWKAW,SUNYANI
NSENIE,BANTAMA
NSUAEM,TARKWA
NSUATRE,BEREKUM
NSUKWAO,KOFORIDUA
NSUNFA,SOWUTUOM
NSUTA,TARKWA
NSUTA KOFORIDUA CCL,AYAWASO2
NTABETHEMBA,CAPE TOWN
NTANKOFUL,TAKORADI
NTANKORO ROAD,KINTAMPO
NTINDA,NAIROBI
NTOTOROSO,SUNYANI
NTOUM,LA BELLE EGLISE
NTRANOA,CAPE COAST
NUNGUA BANK ROAD,TESHIE
NUNGUA BEACH ROAD,HEALING JESUS CATHEDRAL
NUNGUA BUADE,HEALING JESUS CATHEDRAL
NUNGUA C5,TESHIE
NUNGUA CENTRAL,QADOSH
NUNGUA NORTH,HEALING JESUS CATHEDRAL
NURSES QUARTERS,OFAAKOR
NYABEMAN,AYAWASO
NYABEMAN-KPOBIKORPE,AYAWASO
NYAMBONG,KETE-KRACHI
NYAMBONG JUNCTION,KETE-KRACHI
NYAMEKROM KOFORIDUA CCL,KOFORIDUA
NYANIBA ESTATE,TESHIE
NYANIKROM,SEKONDI
NYANKAMU,TARKWA
NYANYANO KAKRABA,NYANYANOR KAKRABA
NYINAHINI,BIBIANI
NYINGARI,TAMALE NORTH
NYOHINI,TAMALE NORTH
NYOLI.,WA
NZEREKORE,QADOSH
NZILA,LA BELLE EGLISE
OBAAHEMA,ACHIMOTA
OBEYEYIE,AYAWASO
OBEYEYIE AA,OFAAKOR
OBOSOMASE,PEDUASE
OBUASI,OBUASI
ODENEHO KWADASO,BANTAMA
ODOBENG,OFAAKOR
ODORKOR,QODESH
ODORKOR ST DAVID,QODESH
ODORKOR ST MICHAELS,QODESH
ODORKOR TSUIMAAMI,SANTA MARIA
ODUMASE MAMPONG AKWENOR,DAWHENYA
ODUMASI- SUNYANI,SUNYANI
ODUOM,AYEDUASE
OFAAKOR,OFAAKOR
OFANKOR,AYAWASO
OFANKOR RAILWAYS,AYAWASO
OFANKOR SEVEN DAYS,AYAWASO
OFFICIAL TOWN CENTER,TEMA
OFFINSO,BANTAMA
OFFINSO MPEHI,BANTAMA
OFFINSO OLD TOWN,BANTAMA
OFORIKROM,ASOKWA
OGBOJO,MAKARIOS HQ
OGBOMOSO,LAGOS
OGBUNJA,TAMALE
OHENE GYAN,SUNYANI
OHWEREFA,CAPE COAST
OJOJA,TAMALE
OKAHANDJA,MANZINI
OKAKARARA,MANZINI
OKLAHOMA CITY,LOS ANGELES
OKORASE,KOFORIDUA
OKPANDO,TAMALE NORTH
OKPOI GONNO,HEALING JESUS CATHEDRAL
OKPOIGONNO RAILWAY,HEALING JESUS CATHEDRAL
OKURASE,AYAWASO2
OKYEREKO,WINNEBA
OLA,CAPE COAST
OLD ASHONGMAN,OYIBI
OLD BARRIER B38,GREATER LOVE
OLD BRIDGE,LOS ANGELES
OLD ESTATE,KOFORIDUA
OLD HARBOUR,KINGSTON
OLD NINGO,TEMA
OLD TAFO,KOFORIDUA
OLDTOWN,BIBIANI
OLEBU,AYAWASO
OLIVEN,PRETORIA
OLTEN,BARCELONA
OLYMPIC WAY,KINGSTON
OMAHA,LOS ANGELES
OMANDJOR,SOWUTUOM
OMANJOR CURVE,SOWUTUOM
OMEGA,MANDELA
OMENAKO,NSAWAM
ONGWEDIVA,MANZINI
ONYADZE,WINNEBA
ONYINASE,AWOSHIE
OPAH,AYAWASO
OPEIKUMA,OFAAKOR
OPEIKUMA CENTER,OFAAKOR
OPEN HEAVENS CENTER,NYANYANOR KAKRABA
ORCHARDS,PRETORIA
ORISCO,KORLE GONNO
ORLANDO,LOS ANGELES
ORMONDE,JOHANNESBURG
OSCAR YAAR CENTER,OUAGADOUGOU
OSENASE,AYAWASO2
OSHIEKU-TSO SHI,TESHIE
OSHIYIE C17,GREATER LOVE
OSIEM,KOFORIDUA
OSINO,AYAWASO2
OSRAMANAE,KETE-KRACHI
OSU,TESHIE
OSU KAAJANOR,TESHIE
OSU MANDELA,TESHIE
OSU MKC,MAKARIOS HQ
OSU SALEM,TESHIE
OTACITY,NYANYANOR KAKRABA
OTENGKWATA,BANTAMA
OTINIBI,OYIBI
OTJIWARONGO,MANZINI
OTJOMUISE,MANZINI
OUAGADOUGOU,OUAGADOUGOU
OWANE,CAPE COAST
OWERRI,LAGOS
OWINGS MILLS,LOS ANGELES
OWURAM,AYAWASO2
OWUSU ANSAH,ADENTA
OXFORD,EDMONTON
OYARIFA,OYIBI
OYARIFA ADENTA CCL,ADENTA
OYARIFA MKC,MAKARIOS HQ
OYARIFA SCHOOL JUNCTION,ADENTA
OYIBI CATHEDRAL,OYIBI
OYIBI JUNCTION,OYIBI
OYOKO,BANTAMA
OYOKO BANTAMA CCL,BANTAMA
OYOKO KOFORIDUA CCL,KOFORIDUA
PAGA,BOLGATANGA
PAGA CHANIA,BOLGATANGA
PAGA SAAKA,BOLGATANGA
PAKRO,NSAWAM
PAKYI,ATONSU
PALAS TOWN,AWOSHIE
PALLADIUM,KORLE GONNO
PALM SPRING PAYNESVILL,QADOSH
PALM WINE,TESHIE
PALOMA,HOHOE
PAMDU TECHIMAN,TECHIMAN
PANBROS,KORLE GONNO
PANINAMISA,KINTAMPO
PANKRONO,BANTAMA
PANTANG,ADENTA
PANTANG HOSPITAL,ADENTA
PANTANG VILLAGE,OYIBI
PANTANG VILLAGE 1,ADENTA
PANTANG VILLAGE 2,ADENTA
PANTANG VILLAGE 3,ADENTA
PANTANG VILLAGE NCT,ADENTA
PAPAASE,OFAAKOR
PAPASE,AYAWASO
PAPASE MAIN,AYAWASO
PAPAYE CENTER,HEALING JESUS CATHEDRAL
PARAKOU,COTONOU
PARAKOU APARCHE,COTONOU
PARIS,BARCELONA
PARISHEI,TAMALE
PARKLANDS,NAIROBI
PARKLANDS CAPETOWN CCL,CAPE TOWN
PARKOSO,BANTAMA
PARMA,BARCELONA
PATASI BTM,BANTAMA
PATASI FAN,BANTAMA
PATERSON,LOS ANGELES
PAUL CENTRE,LAGOS
PEACE AND LOVE CENTER,HEALING JESUS CATHEDRAL
PEACE CLINIC,KORLE GONNO
PEARL,GEORGETOWN
PECS,BARCELONA
PEDU MOROCCO,CAPE COAST
PEDUASE CATHEDRAL,PEDUASE
PEKI,KPANDO
PEMBROKE HALL,KINGSTON
PENKWASE,SUNYANI
PENTECH CENTRE,CAPE TOWN
PEPEASE,AYAWASO2
PERTH,SYDNEY
PETER CENTER,KORLE GONNO
PETERBOROUGH,EDMONTON
PETINOVILLE,KINGSTON
PHALABORWA,PRETORIA
PHILADELPHIA,LOS ANGELES
PHILIPNEL PARK,PRETORIA
PHILLIPI,CAPE TOWN
PHOENIX,LOS ANGELES
PHRONESIS CENTRE,AYEDUASE
PIACENZA,BARCELONA
PIBILA,KETE-KRACHI
PICNIC,HOHOE
PIETERMARITZBURG,PIETERMARITZBURG
PIG FARM,ACHIMOTA
PIGG'S PEAK,MANZINI
PIISI,WA
PILLAR 2 OHENEHO,ACHIMOTA
PIPE TANK,SWEDRU
PISTIS CENTER,COTONOU
PLAINFIELD,LOS ANGELES
PLANO CENTER,BISSAU
POASE-CEMENT,HOHOE
POIMEN CENTER,COTONOU
POINT 6,TESHIE
POINT 6 CENTER,KORLE GONNO
POINTE NOIRE,LA BELLE EGLISE
POKUASE,AYAWASO
POKUASE ACP,AYAWASO
POKUASE ADUMAN,AYAWASO
POKUASE AYAWASO,AYAWASO
POKUASE MKC,MAKARIOS HQ
POKUASE-DOMEABRA,AYAWASO
POKUASE-MAYERA,AYAWASO
POKUASE-MAYERA MARKET,AYAWASO
POKUASE-NEWLIFE,AYAWASO
POKUASE-SAPEIMAN,AYAWASO
POLANA CANICO A,MAPUTO
POLICE QUARTERS,OYIBI
POLOKWANE,PRETORIA
POLOKWANE CITY CHURCH,PRETORIA
POLY TANK A22,GREATER LOVE
POMADZE,WINNEBA
POMADZE EAST,WINNEBA
PONG TAMALE,TAMALE
PORT AU PRINCE,KINGSTON
PORT ELIZABETH,CAPE TOWN
PORT GENTIL,LA BELLE EGLISE
PORT HARCOURT,LAGOS
PORT MORESBY,SYDNEY
PORT OF SPAIN,GEORGETOWN
PORTLAND,LOS ANGELES
PORTMORE AVENUE,KINGSTON
PORTMORE SAVED,KINGSTON
PORTO NOVO,COTONOU
PORTOR,KINTAMPO
PORTSMOUTH,EDMONTON
POST OFFICE,HOHOE
POST OFFICE OYIBI CCL,OYIBI
POWERHOUSE,HO
POWERLAND,ADENTA
PRAIA APARCHE,FIRST LOVE
PRAMPOSEO,KINTAMPO
PRAMPRAM,DAWHENYA
PRAMSO,ATONSU
PRAOTIS CENTER,COTONOU
PRAYER CAMP,OYIBI
PRESTEA,TARKWA
PRETORIA APARCHE,PRETORIA
PROPHETIC ENCOUNTER,FIRST LOVE
PROVIDENCE,LOS ANGELES
PS GLOBAL,DAWHENYA
PSA CAMPUS,CAPE TOWN
PTC CENTER,KINTAMPO
PUMPSIDE,ASSIN FOSU
PUNE APARCHE,OFAAKOR
PUNIKROM,BIBIANI
PUNJAB,PUNE
PUSIGA,BAWKU
PWD,HO
QAD ADENTA,QADOSH
QAD KATAMANSO,QADOSH
QAD MANHEAN,QADOSH
QAD SAKI,QADOSH
QADOSH,QADOSH
QFC ISRAEL,QODESH
QFC ST. LOUIS,LOS ANGELES
QFC TESANO,QODESH
QODESH,QODESH
QODESH - ADJEI KOJO NO. 1,QADOSH
QODESH - ADJIRINGANOR MANNER VALLEY,QADOSH
QODESH - ASHAIMAN BETHLEHEM,QADOSH
QODESH - ASHAIMAN LEBANON,QADOSH
QODESH - DAWHENYA,QADOSH
QODESH 2001,PEDUASE
QODESH 2020,QODESH
QUEENS,LOS ANGELES
QUEENS GARDEN CENTRE,AYEDUASE
QUEENSTOWN,CAPE TOWN
QUELELE,BISSAU
RACECOURSE,SANTA MARIA
RADIUM,PRETORIA
RAHMA TOWN,OYIBI
RAILWAY QUARTERS,TARKWA
RALEIGH,LOS ANGELES
RANDBURG,JOHANNESBURG
RATOMA,QADOSH
READING,EDMONTON
READING EARLEY,EDMONTON
RECO DOWN,AYAWASO
REDCO,OYIBI
REDHILLS ROAD,KINGSTON
REGENT APARCHE FRUITFUL,FIRST LOVE
REGENT CRYSTAL BEAM FRUITFUL,FIRST LOVE
REGGIO EMILIA,BARCELONA
REPUBLIC HALL ANNEX CENTRE,AYEDUASE
RHEMA CENTER,COTONOU
RICHMOND,LOS ANGELES
RINGWAY,TESHIE
RIO DE JANEIRO,SAO PAULO
RITZ JUNCTION,ADENTA
ROBERTSPOT,QADOSH
ROCHDALE,EDMONTON
ROCHESTER,LOS ANGELES
RODELHEIM,EDMONTON
ROMA,BARCELONA
ROMAN DOWN,TEMA COMMUNITY 22
ROMFORD,EDMONTON
ROSE OF SHARON,LA
ROTHERHAM,EDMONTON
ROYAL LAMERTA,ATONSU
ROYAL LEES,OYIBI
ROYSTON,EDMONTON
RUARAKA,MOMBASA
RUGBY,EDMONTON
RUSSIA,KORLE GONNO
RUSSIA CENTER,KORLE GONNO
SAABA CATHEDRALE CENTER,OUAGADOUGOU
SAABA VILLE CENTER,OUAGADOUGOU
SABIN AKROFROM,ATONSU
SABOBA,TAMALE
SABORO,BOLGATANGA
SACKEY A1,GREATER LOVE
SACKEY LAST STOP A6,GREATER LOVE
SACRAMENTO,LOS ANGELES
SAFIM,BISSAU
SAFIM FATIMA,BISSAU
SAFIM REINO,BISSAU
SAFIM ROTUNDA,BISSAU
SAHARA CENTER,KORLE GONNO
SAKAMAN CHABAA,QODESH
SAKASAKA,TAMALE
SAKI HIGH TENSION,TEMA COMMUNITY 22
SAKOM,BOLGATANGA
SALAGA,TAMALE NORTH
SALAMNTU,CAPE TOWN
SALEM,OYIBI
SALFORD,EDMONTON
SALIFU,KETE-KRACHI
SALT LAKE CITY,LOS ANGELES
SALVADOR,SAO PAULO
SAMAHU,TARKWA
SAME,BAMAKO
SAMPA,TECHIMAN
SAMPA VALLEY,QODESH
SAMPE SALVATION,KORLE GONNO
SAMREBOI,TARKWA
SAN ANTONIO,LOS ANGELES
SAN DIEGO,LOS ANGELES
SAN FERNANDO,GEORGETOWN
SAN FRANCISCO,LOS ANGELES
SAN JUAN,GEORGETOWN
SANDEMA,BOLGATANGA
SANDEMA CHAINA,BOLGATANGA
SANGNERIGU,TAMALE NORTH
SANGULI,TAMALE
SANJIRIGU,TAMALE
SANKOR,WINNEBA
SANKORE,SUNYANI
SANKROKOFI,HOHOE
SANTA MARIA,SANTA MARIA
SANTA MARIA CENTER,ABEKA
SANTA MARIA CENTRE,SANTA MARIA
SANTASI,ATONSU
SANTEO CATHEDRAL,LA
SANTO,MAKARIOS HQ
SANZULE,TAKORADI
SAO PAULO,SAO PAULO
SAPEIMAN,AYAWASO
SARKORA DROBO,BEREKUM
SASSUOLO,BARCELONA
SATKHIRA,FIRST LOVE
SAVELUGU NORTH,TAMALE
SAVELUGU SOUTH,TAMALE
SAVOY,CAPE COAST
SAWABA,BANTAMA
SAWLA,WA
SCARBOROUGH GEORGETOWN CCL,GEORGETOWN
SCARBOROUGH LAUREL CCL,LOS ANGELES
SCC JUNCTION,OFAAKOR
SCC NAPOLI B5,GREATER LOVE
SCCB7,GREATER LOVE
SCHOOL JUNCTION,OYIBI
SCRATTONS FARM,EDMONTON
SEACROFT,EDMONTON
SEATTLE,LOS ANGELES
SEDUASE,OYIBI
SEFWI AHWIAM,BIBIANI
SEFWI AKONTOMBRA,BIBIANI
SEFWI ASAFO,BIBIANI
SEFWI ASAWINSO,BIBIANI
SEFWI BEKWAI,BIBIANI
SEFWI BOAKO,BIBIANI
SEFWI DWINASE,BIBIANI
SEFWI ESSAM,BIBIANI
SEFWI JUABESO,BIBIANI
SEFWI TANOSO,BIBIANI
SEFWI WIASE,BIBIANI
SEFWI WIAWSO,BIBIANI
SEGBE,LOME
SEGBEDEME,HOHOE
SEGE,SOGAKOPE
SEGOU,BAMAKO
SEKE,LUSAKA FOXDALE
SEKONDI AGRIC,TAKORADI
SEKONDI APARCHE,SEKONDI
SELMA CENTRE,AYEDUASE
SEMAM,OYIBI
SEMENHYIA CENTER,OFAAKOR
SENYA BEREKU,NYANYANOR KAKRABA
SENYAKROM,TARKWA
SEREKPERE,WA
SEYISI,CAPE TOWN
SHAIBU CENTER,KORLE GONNO
SHALOM SPOT,HEALING JESUS CATHEDRAL
SHAMA,SEKONDI
SHAMVA,LUSAKA FOXDALE
SHEFFIELD,EDMONTON
SHEFFIELD NETHER EDGE,EDMONTON
SHEFFIELD WICKER,EDMONTON
SHI GREGORY PARK,KINGSTON
SHI MICOUD,FIRST LOVE
SHI UTEC,KINGSTON
SHI UWI,KINGSTON
SHIABU BREAD OF LIFE,KORLE GONNO
SHIABU NIGHT MARKET,KORLE GONNO
SHIASHIE,MAKARIOS HQ
SHIASHIE CENTRE,MAKARIOS HQ
SHIKAKORPE,SOGAKOPE
SHIKPONTELE,AYAWASO
SHISHEGU,TAMALE NORTH
SIAW,OUAGADOUGOU
SIBI,KETE-KRACHI
SIENA,BARCELONA
SIKASSO,BAMAKO
SILICON VALLEY,LOS ANGELES
SILVER LAKES,PRETORIA
SIMPA,TARKWA
SINKOR,QADOSH
SINTCHE SUBUM,BISSAU
SITEKI,MANZINI
SLOUGH,EDMONTON
SOA,FIRST LOVE
SOCIAL WELFARE,OYIBI
SOCORRO,LOS ANGELES
SOE,BOLGATANGA
SOFASONKE,PRETORIA
SOFOKROM,SEKONDI
SOGAKOPE,SOGAKOPE
SOKO,KORLE GONNO
SOKOBAN,ATONSU
SOKOBAN KROFROM,ATONSU
SOKODE,HO
SOKPOE,SOGAKOPE
SOLOMON CITY,TEMA COMMUNITY 22
SOMANYA,DAWHENYA
SOMBO-PIREE,WA
SONITRA AYAWASO,AYAWASO
SOSHANGUVE,PRETORIA
SOSHANGUVE X6,PRETORIA
SOUTH BAATSONA,HEALING JESUS CATHEDRAL
SOUTH CROYDON,EDMONTON
SOUTH EALING,EDMONTON
SOUTH END,EDMONTON
SOUTH JERSEY,LOS ANGELES
SOUTH KWABENYA,BEREKUSO
SOUTH LABADI ESTATES,MAKARIOS HQ
SOUTH MINNEAPOLIS,LOS ANGELES
SOUTH ODORKOR,QODESH
SOUTH SUNTRESO,BANTAMA
SOUTH WIMBLEDON,EDMONTON
SOUTHAMPTON,EDMONTON
SOVIE,KPANDO
SOVIE NEWTOWN,KPANDO
SOVIEPE,LOME
SOWATEY,NSAWAM
SOWUTUOM APARCHE,SOWUTUOM
SOWUTUOM NORTH,SANTA MARIA
SOWUTUOM PENTECOST,ABEKA
SOWUTUOM SOUTH,SOWUTUOM
SOWUTUOM VRA,ABEKA
SOZO CENTER,ACHIMOTA
SPA,SOGAKOPE
SPANISH TOWN,KINGSTON
SPECIAL ICE,ADENTA
SPINTEX KOTOBAABI,HEALING JESUS CATHEDRAL
SPINTEX MALIK,HEALING JESUS CATHEDRAL
SPINTEX MKC,MAKARIOS HQ
SRODAE,KOFORIDUA
SROGBE,SOGAKOPE
SSNIT FLAT,HO
SSNIT FLAT DOWN,QODESH
ST CLOUD STATE UNIVERSITY,LOS ANGELES
ST GEORGE,KINGSTON
ST GEORGES CENTER,TSEVIE
ST JOHNS,GEORGETOWN
ST JOHNS TEMA COMM 22 CCL,ASHAIMAN CHAPEL SQUARE
ST JOSEPH,KPANDO
ST LEON,OUAGADOUGOU
ST. GALLEN,BARCELONA
ST. JOHN'S HOSPITAL,OYIBI
ST. LOUIS,LOS ANGELES
ST. PAUL,LOS ANGELES
ST. THOMAS,LOS ANGELES
STATE SCHOOL,SOGAKOPE
STATEN ISLAND,LOS ANGELES
STEPHEN CENTRE,LAGOS
STEVENAGE,EDMONTON
STOCKPORT TOTTENHAM CCL,EDMONTON
STOCKTON,LOS ANGELES
STOCKWELL,EDMONTON
STRATFORD,EDMONTON
STREATHAM VALE,EDMONTON
STRIKER CENTER,HEALING JESUS CATHEDRAL
STU-SUNYANI,SUNYANI
SUAME,BANTAMA
SUAME SM,BANTAMA
SUHUM,NSAWAM
SUHUM-OBENG DOWN,NSAWAM
SUHUM-POLICE STATION,NSAWAM
SUHUM-ROUND ABOUT,NSAWAM
SUHYEN,KOFORIDUA
SUKURA,KORLE GONNO
SUKURA CENTER,KORLE GONNO
SUN CITY,NYANYANOR KAKRABA
SUNCITY BRANCH,ADENTA
SUNCITY CENTRE,AYEDUASE
SUNDERLAND,EDMONTON
SUNKWA,KINTAMPO
SUNTRESO,ASOKWA
SUNYANI,SUNYANI
SUSSEX,QADOSH
SUSUANKYI,ASOKWA
SUSUANSO-ABESIM,SUNYANI
SUTTON,EDMONTON
SUVA,SYDNEY
SWAKOPMUND,MANZINI
SWANLAKE CENTER,ACHIMOTA
SWEDRU APARCHE,SWEDRU
SWEDRU CATHEDRAL,SWEDRU
SWEETWATERS,PIETERMARITZBURG
SWINDON,EDMONTON
SWISS COTTAGE,EDMONTON
TAALI-TINKPELLANI,TAMALE NORTH
TABATA,FIRST LOVE
TABORA CENTER,ABEKA
TABRE,BANTAMA
TACOMA,LOS ANGELES
TADZEWU,SOGAKOPE
TAFO,TESHIE
TAFO B,KINTAMPO
TAFO MILE 3,BANTAMA
TAGUATINGA,SAO PAULO
TAGULDO,TAMALE
TAHIRU AKURA,KINTAMPO
TAIFA,ACHIMOTA
TAIFA BURKINA,ACHIMOTA
TAIFA EAST,AYAWASO
TAIFA-MR AGYEI,ACHIMOTA
TAKINTA,SEKONDI
TAKORADI CENTRAL,TAKORADI
TALA,MOMBASA
TAMALE APARCHE,TAMALE
TAMALE ASENDUA,TAMALE
TAMALE NORTH,TAMALE NORTH
TAMBABU,TAMALE
TAMBIHIYA,TAMALE
TAMPA BAY AREA,LOS ANGELES
TAMPELUG,BAWKU
TAMPLINGU,TAMALE NORTH
TAMSO,TARKWA
TAMSO NEW ROAD,TARKWA
TANFIANO NO.1,KINTAMPO
TANGA,BOLGATANGA
TANKUNA,BOLGATANGA
TANOKROM,TAKORADI
TANOSO KINTAMPO CCL,TECHIMAN
TANOSO SUNYANI CCL,SUNYANI
TANOSO TOWN,BANTAMA
TANTRA HILLS,ACHIMOTA
TANTRA SPOT M,AYAWASO
TANYIGBE,HO
TAPA ABOTOASE,KPANDO
TAPA AMANFROM,KETE-KRACHI
TAPA AMANYA,KETE-KRACHI
TARKWA ATUABO,TARKWA
TARKWA BANSO,TARKWA
TARKWA STATION,TARKWA
TASUNDO 1,TAMALE
TATALE,TAMALE
TAVIEFE,HO
TAYONDO,TAMALE
TEACHER MANTE,NSAWAM
TEASE,KPANDO
TEBREBIE,TARKWA
TECHIMAN,TECHIMAN
TECHIMAN CENTER,CAPE COAST
TECHIMAN DENKYEMUOSO,BANTAMA
TECHIMANTIA,SUNYANI
TECHRAND TUT,FIRST LOVE
TEFLE,SOGAKOPE
TEK CREDIT CENTRE,AYEDUASE
TELL THEM CENTRE,ACHIMOTA
TEMA COMMUNITY 22,TEMA COMMUNITY 22
TEMA COMMUNITY 25 ANNEX,TEMA COMMUNITY 22
TEMA NEW TOWN,TEMA
TEMBISA,JOHANNESBURG
TENDAMDA,WA
TEPA,BANTAMA
TESANO,AYAWASO
TESHIE ABOMA,TESHIE
TESHIE AGBLEZA,HEALING JESUS CATHEDRAL
TESHIE AKOTOBU,HEALING JESUS CATHEDRAL
TESHIE ANGLICAN,TESHIE
TESHIE APARCHE,TESHIE
TESHIE BUSH ROAD,HEALING JESUS CATHEDRAL
TESHIE BUSHROAD2,LA
TESHIE CAMP 2,HEALING JESUS CATHEDRAL
TESHIE CENTRAL,HEALING JESUS CATHEDRAL
TESHIE DEMO,HEALING JESUS CATHEDRAL
TESHIE DEMO ANNEX,TESHIE
TESHIE GONNO,HEALING JESUS CATHEDRAL
TESHIE KROBO ONE,TESHIE
TESHIE MAAMLI,TESHIE
TESHIE NORTH,HEALING JESUS CATHEDRAL
TESHIE NUNGUA DAR ES SALAAM,HEALING JESUS CATHEDRAL
TESHIE NUNGUA EST,HEALING JESUS CATHEDRAL
TESHIE TSUIBLEOO ALOWAY,HEALING JESUS CATHEDRAL
TESHIE-TEBIBIANO,HEALING JESUS CATHEDRAL
TETE,MAPUTO
TETREFU,ATONSU
TETTEHKOPE,SOGAKOPE
TEXPO,HEALING JESUS CATHEDRAL
THAMESMEAD,EDMONTON
THE ROCK CATHEDRAL,KINGSTON
THIKA,NAIROBI
THORNTON HEATH,EDMONTON
TIDWORTH,EDMONTON
TIGER NEW TOWN,NYANYANOR KAKRABA
TIKOBO,SEKONDI
TIKOBO 2,SEKONDI
TIKROM,BANTAMA
TIMONDE,BOLGATANGA
TIMOTHY CENTER,KORLE GONNO
TINGA,WA
TINKONG,KOFORIDUA
TIPPER,NYANYANOR KAKRABA
TMC SAO PAULO,BISSAU
TOAH,TAMALE
TOAMASINA,FIRST LOVE
TOASE,BANTAMA
TONGA,SYDNEY
TOPASE,AYAWASO2
TORINO,BARCELONA
TORKONI,HOHOE
TORONTO,LOS ANGELES
TOTAL CHILD,SOGAKOPE
TOTTENHAM HIGHGATE,EDMONTON
TOWN TWO,CAPE TOWN
TREBA-CRYSTAL HILL,AYAWASO
TRENTON,LOS ANGELES
TRUST ACADEMY CENTER,NYANYANOR KAKRABA
TSE ADDO LA COUNCIL,LA
TSEADDO TESHIE CCL,TESHIE
TSEVIE,TSEVIE
TSIBU,KPANDO
TSINTO,NSAWAM
TSITO,HO
TSOPOLI,TEMA
TSRUKPE,KPANDO
TTU,TAKORADI
TUBA C20,GREATER LOVE
TUBMANBURG,QADOSH
TUGU,TAMALE
TULAKU,TEMA COMMUNITY 22
TULSEHILL,EDMONTON
TUMU,WA
TUNAAYILI,TAMALE NORTH
TUOBODOM,TECHIMAN
TUTU,PEDUASE
TWIFO DAMANG,ASSIN FOSU
TWIFO EDUABENG,ASSIN FOSU
TWIFO HEMANG,ASSIN FOSU
TWIFO MAMPONG,ASSIN FOSU
TWIFO NTAFREWASO,ASSIN FOSU
TWIFO PRASO,ASSIN FOSU
TWIFO PRASO ZONGO,ASSIN FOSU
TWIN BROTHERS,KPANDO
TWO MILE ASH,EDMONTON
TWUMDUASI,BANTAMA
TZANEEN,PRETORIA
U COMPOUND CENTER,TEMA
UCHADINDO,TAMALE
UCT CENTRE,CAPE TOWN
UENR-SUNYANI,SUNYANI
UITENHAGE,CAPE TOWN
UL CAMPUS,LOME
UMTATA,CAPE TOWN
UNDRI CHOWK,PUNE
UNIQUE,SWEDRU
UNITY JOY CENTRE,AYEDUASE
UNIVERSITY CITY,LOS ANGELES
UNIVERSITY HALL CENTRE,AYEDUASE
UNIVERSITY OF ALABAMA,LOS ANGELES
UNIVERSITY OF LIMPOPO,PRETORIA
UNIVERSITY OF MINNESOTA,FIRST LOVE
UNIVERSITY OF WASHINGTON,LOS ANGELES
UNIVERSITY POIMEN,AYEDUASE
UNZA,LUSAKA
UPPER DARBY,LOS ANGELES
UWC CENTRE,CAPE TOWN
UWI CAVE HILL,KINGSTON
UXBRIDGE,EDMONTON
VAAL UNIVERSITY OF TECHNOLOGY,FIRST LOVE
VAKPO,KPANDO
VAKPOSSITO,LOME
VANCOUVER,LOS ANGELES
VANUATU,SYDNEY
VAWARI,TAMALE
VE-GOLOKWATI,KETE-KRACHI
VE-KOLOENU,KETE-KRACHI
VENDA,PRETORIA
VERONA,BARCELONA
VEVEY,BARCELONA
VICENTE DE CARVALHO,SAO PAULO
VICENZA,BARCELONA
VICTORY CENTRE,AYEDUASE
VICTORY LOGOS CENTRE,AYEDUASE
VICTORY PRESBY,ADENTA
VIDEO JUNCTION,SANTA MARIA
VIEFE,SOGAKOPE
VIENNA,BARCELONA
VIEUX FORT,FIRST LOVE
VILLE QUATRE,TSEVIE
VIRGINIA BEACH,LOS ANGELES
VISHRANTWADI,PUNE
VODZA-ADZIDO,SOGAKOPE
VOINJAMA,QADOSH
VUI,SOGAKOPE
VUNYOKORPE,HOHOE
WA APARCHE,WA
WABULE,TAMALE NORTH
WAKEFIELD,EDMONTON
WALEWALE,TAMALE NORTH
WALSALL,EDMONTON
WALTHAM CROSS,EDMONTON
WALTHAMSTOW,EDMONTON
WALVIS BAY,MANZINI
WAMFIE,BEREKUM
WANAHEDA,MANZINI
WANDSBEK,EDMONTON
WANDSWORTH,EDMONTON
WANE,KETE-KRACHI
WASHING BAY,ADENTA
WASSA AFRANSIE,TARKWA
WASSA AGONA,TARKWA
WASSA AKROPONG,TARKWA
WASSADO,TAMALE
WATER WORKS,TAKORADI
WATERFORD,KINGSTON
WATFORD,EDMONTON
WAWAASE,SWEDRU
WEDOKUM,OYIBI
WEGBE CENTER,HOHOE
WEIJA,MANDELA
WEIJA NEW TOWN,MANDELA
WEIJA TOPBASE G13,GREATER LOVE
WEMBLEY CENTRAL,EDMONTON
WEMTENGA,OUAGADOUGOU
WENCHI,TECHIMAN
WESCO,BANTAMA
WEST BROMWICH,EDMONTON
WEST JORDAN,ASHAIMAN CHAPEL SQUARE
WESTLAND,OYIBI
WHEATON,LOS ANGELES
WHEDIEM,AYAWASO2
WHINDO,TAKORADI
WHITE HALL,KINGSTON
WHITE OAK,LOS ANGELES
WHITEHOUSE,ADENTA
WIAMOASE,ASOKWA
WIDANTINGA,BAWKU
WIDNABA,BOLGATANGA
WIESBADEN,EDMONTON
WILKADO CENTRE,AYEDUASE
WILLENHALL,EDMONTON
WILMINGTON,LOS ANGELES
WINDHOEK,MANZINI
WINDSOR,LOS ANGELES
WINGER,NYANYANOR KAKRABA
WINNEBA ADANSI,WINNEBA
WINNEBA APARCHE,WINNEBA
WISMAR,GEORGETOWN
WITBANK CITY,JOHANNESBURG
WOE,SOGAKOPE
WOLLONGONG,SYDNEY
WOLVERHAMPTON,EDMONTON
WONGULONI,TAMALE
WONJUGA,TAMALE
WOODBRIDGE,LOS ANGELES
WOOLWICH,EDMONTON
WORAWORA,KETE-KRACHI
WORCESTER,LOS ANGELES
WORCESTER CAPETOWN CCL,CAPE TOWN
WORCESTER NORTH,LOS ANGELES
WORD OF LIFE CATHEDRAL,TAKORADI
WORTOE,HO
WOUGOME,LOME
WUDOABA,SOGAKOPE
WUDOME,KPANDO
WULANYILLI,TAMALE
WULENSI,TAMALE NORTH
WULUGU,TAMALE NORTH
WUSUTA,KPANDO
WYTHENSHAWE,EDMONTON
XAI-XAI,MAPUTO
YAKURA,TAMALE NORTH
YAME,SOGAKOPE
YAMFO,SUNYANI
YAMFO COLLEGE OF HEALTH,SUNYANI
YAMORANSA CENTER,CAPE COAST
YAMOUSSOUKRO MISSION,OFAAKOR
YANFOLILA,BAMAKO
YANKAZIA,TAMALE
YANTALA CENTER,LAGOS
YAOUNDE,FIRST LOVE
YAPEI,TAMALE
YARIGA,KETE-KRACHI
YARIGU,BOLGATANGA
YARIGUNGU,BAWKU
YAW NKRUMAH,BANTAMA
YEADON,LOS ANGELES
YEFRE,TECHIMAN
YEJI,EJURA
YEJI PRANG,EJURA
YEKEPA,QADOSH
YELWOKO,BOLGATANGA
YENDI,TAMALE NORTH
YEPALA,KINTAMPO
YESUKROM,NYANYANOR KAKRABA
YIDUNGU,BAWKU
YIPELNAYILLI,TAMALE NORTH
YONKERS,LOS ANGELES
YOOMOSPECS,TESHIE
YOPOUGON NIANGON TEXACO,OFAAKOR
YORK,EDMONTON
ZAANDAM,GEORGETOWN
ZABUGU,BAWKU
ZABZUGU,TAMALE
ZAGYURI,TAMALE NORTH
ZAKARAYILI,TAMALE
ZAMBRAMA LINE,KORLE GONNO
ZANGUERA,LOME
ZAPOROZHYE,FIRST LOVE
ZAWSE,BAWKU
ZAWSE BAKANGA,BAWKU
ZEBILLA,BOLGATANGA
ZEBILLA SAPELIGA,BOLGATANGA
ZEGINSHORE,TEMA
ZENGEZA,LUSAKA FOXDALE
ZENU BBC,TEMA COMMUNITY 22
ZENU DAM CITY,TEMA COMMUNITY 22
ZENU DAM CITY 2,ASHAIMAN CHAPEL SQUARE
ZENU JERUSALEM NO 1,ASHAIMAN CHAPEL SQUARE
ZENU JESUS CARES,TEMA COMMUNITY 22
ZIBELENI,CAPE TOWN
ZIMPETO STADIUM,MAPUTO
ZIOPE NO 2,HO
ZOE CENTER,COTONOU
ZOE CENTRE,AYEDUASE
ZOGONA,OUAGADOUGOU
ZOGONA ISO CENTER,OUAGADOUGOU
ZOGREO CENTER,TAMALE
ZONA SETE,BISSAU
ZONA SETE 2-JUNIO GOMES CO,BISSAU
ZONE 1,OUAGADOUGOU
ZONGO JUNCTION - ABOSSEY OKAI,KORLE GONNO
ZOOMLION,ADENTA
ZORBORGU,TAMALE
ZORKO,BAWKU
ZOUZUGU,TAMALE NORTH
ZOYA,TAMALE
ZUJUNG,TAMALE
ZUKU,BAWKU
ZULUUGU,BAWKU
ZURICH,BARCELONA
ZWEDRU,QADOSH
